beta,alpha_p,q,alpha_h,s_real,T,v,q_over_T,lam_max,N_half,lam1_re,lam1_im,lam2_re,lam2_im,lam3_re,lam3_im,fixed_point_residual
0,0.02,0.0399973333866662,0.0197616265480311,0.0395206806970827,3.45464395266634,0.0114398708632709,0.0115778453394005,0.986661747508011,51.6195168275881,0.986661747508011,0,0.529015239891529,0,-1.20481942616553e-11,0,6.15126526852752e-13
0,0.0220512820512821,0.044098989977715,0.0217885118952653,0.0435735759184373,3.45466180904963,0.012612978730449,0.0127650671513477,0.983733656001729,42.2648313750051,0.983733656001729,0,0.530546907105168,0,-1.15606218624049e-11,0,7.10305307154563e-13
0,0.0241025641025641,0.0482004610109486,0.0238154124237337,0.0476263224819492,3.45468138926491,0.0137860245607434,0.0139522160164254,0.980497337289983,35.1934449110274,0.980497337289983,0,0.532250768327156,0,-1.23644904367249e-11,0,8.12657614639341e-13
0,0.0261538461538462,0.0523017292283753,0.0258423295369075,0.0516789065394165,3.45470268821855,0.0149590026127734,0.0151392851855929,0.976945594792752,29.7177943347279,0.976945594792752,0,0.534134074188275,0,-1.25377186706873e-11,0,9.22212593330935e-13
0,0.0282051282051282,0.0564027773728568,0.0278692643739522,0.0557313137136762,3.45472570036157,0.0161319070014281,0.0163262679196075,0.973070122823145,25.3908151062813,0.973070122823145,0,0.536205190372639,0,-1.1445548274868e-11,0,2.07828815291071e-13
0,0.0302564102564103,0.0605035881881807,0.0298962188668471,0.0597835312120056,3.4547504197006,0.017304732310355,0.0175131574898033,0.968861337662076,21.9116170867463,0.968861337662076,0,0.538473764824974,0,-1.29791290085816e-11,0,2.32604226553316e-13
0,0.0323076923076923,0.0646041444191334,0.0319231941425347,0.0638355446315271,3.45477683978204,0.0184774726681201,0.0186999471789933,0.964308171779056,19.0716598751538,0.964308171779056,0,0.540950935553454,0,-1.41047521476811e-11,0,2.58890093371599e-13
0,0.0343589743589744,0.0687044288115725,0.0339501915963068,0.0678873401051923,3.4548049537025,0.019650122370132,0.0198866302822515,0.959397809476677,16.722701835963,0.959397809476677,0,0.543649593625441,0,-1.52485463361736e-11,0,2.8674421711779e-13
0,0.0364102564102564,0.0728044241124992,0.0359772126207544,0.0719389037598159,3.45483475410626,0.020822675722569,0.0210732001077526,0.954115360107326,14.7570143555148,0.954115360107326,0,0.54658471042908,0,-1.29770955485658e-11,0,3.15616922222547e-13
0,0.0384615384615385,0.0769041130701315,0.0380042586056602,0.0759902217158188,3.45486623318554,0.0219951270430961,0.0222596499775977,0.948443432571231,13.0947702839053,0.948443432571231,0,0.549773762410511,0,-1.58248970536715e-11,0,3.46541142842963e-13
0,0.0405128205128205,0.081003478433976,0.0400313309377403,0.0800412800866672,3.45489938268042,0.0231674706614954,0.0234459732286418,0.942361594855758,11.6757844365598,0.942361594855758,0,0.553237273252343,0,-1.49144189584503e-11,0,3.78268476218695e-13
0,0.0425641025641026,0.0851025029549013,0.0420584309805139,0.0840920649386047,3.45493419387866,0.0243397009088035,0.0246321632133206,0.935845651430673,10.4539646208645,0.935845651430673,0,0.556999534592704,0,-1.49783190785703e-11,0,2.6850214629461e-13
0,0.0446153846153846,0.08920116938521,0.0440855600632844,0.0881425622686112,3.4549706576154,0.0255118121117262,0.0258182133004788,0.928866689682621,9.39350479025038,0.928866689682621,0,0.561089561204899,0,-1.61749430588974e-11,0,4.68347008225212e-13
0,0.0466666666666667,0.0932994604787113,0.0461127197521466,0.0921927585458278,3.45500876427851,0.0266837987500966,0.0270041168761534,0.921389770086497,8.46621662374907,0.921389770086497,0,0.565542398124885,0,-1.52175824112566e-11,0,3.032707384077e-13
0,0.0487179487179487,0.0973973589907941,0.0481399112742023,0.0962426395610572,3.45504850379839,0.0278556551247401,0.0281898673444723,0.913372106421971,7.64962495451603,0.913372106421971,0,0.570400946448442,0,-1.66372319247053e-11,0,3.33029963676767e-13
0,0.0507692307692308,0.101494847678499,0.0501671360259688,0.100292191442577,3.45508986565644,0.0290273756522169,0.0293754581284142,0.90476045884652,6.92558113654204,0.90476045884652,0,0.57571856196536,0,-1.71794264308813e-11,0,3.63878513707258e-13
0,0.0528205128205128,0.105591909300591,0.052194395372526,0.104341400254775,3.45513283888271,0.030198954749455,0.030560882670646,0.895487268526167,6.27923084547378,0.895487268526167,0,0.581562927609757,0,-1.67703015402099e-11,0,3.96825938858629e-13
0,0.0548717948717949,0.109688526617631,0.054221690674757,0.108390252052536,3.4551774120555,0.0313703868502816,0.0317461344343465,0.885464727147085,5.69822462938033,0.885464727147085,0,0.588021980799608,0,-1.81300069222019e-11,0,4.30732523418787e-13
0,0.0569230769230769,0.113784682392053,0.0562490232891663,0.112438732880842,3.45522357330219,0.0325416664060854,0.0329312069040174,0.874575217214173,5.17208489882164,0.874575217214173,0,0.59521347414324,0,-1.79811971036591e-11,0,4.6473126480184e-13
0,0.058974358974359,0.117880359388228,0.0582763945677389,0.116486828774452,3.45527131029916,0.0337127878865079,0.0341160935863013,0.862654984602562,4.69165460195941,0.862654984602562,0,0.603301299681345,0,-1.90751837912642e-11,0,5.02958666039029e-13
0,0.061025641025641,0.121975540372546,0.060303805857738,0.120534525757461,3.45532061027184,0.0348837457800993,0.0353007880107975,0.849464023881475,4.24853511417231,0.849464023881475,0,0.612525611418164,0,-1.86674878427176e-11,0,5.41610008001062e-13
0,0.0630769230769231,0.126070208113481,0.0623312585015695,0.124581809842991,3.45537145999501,0.0360545345950072,0.0364852837308736,0.834624519687471,3.83434421321789,0.834624519687471,0,0.623264376366989,0,-1.95479445307389e-11,0,5.82050320802537e-13
0,0.0651282051282051,0.130164345381669,0.0643587538365964,0.128628667032789,3.45542384579295,0.037225148859639,0.0376695743244774,0.817474854913305,3.43933666888107,0.817474854913305,0,0.636179366927718,0,-2.21034662356136e-11,0,6.22958467737254e-13
0,0.0671794871794872,0.134257934949976,0.0663862931950028,0.132675083316917,3.4554777535395,0.0383955831233514,0.0388536533949477,0.796629999235387,3.04861053131739,0.796629999235387,0,0.652655778350928,0,-2.2979752132022e-11,0,6.65474669325043e-13
0,0.0692307692307692,0.138350959593574,0.0684138779035628,0.136721044673261,3.4555331686584,0.0395658319570819,0.0400375145718219,0.767830677718341,2.62370856413307,0.767830677718341,0,0.676953055870368,0,-2.21471791288099e-11,0,7.09998116156527e-13
0,0.0712820512820513,0.142443402090012,0.0704415092835535,0.140766537067317,3.45559007612331,0.0407358899540648,0.041221151511644,0.720861341988358,2.11771841042172,0.720074132869138,0.0336796310255104,0.720074132869138,-0.0336796310255104,-2.32927305353911e-11,0,7.57258593262448e-13
0,0.0733333333333333,0.146535245219288,0.0724691886505287,0.144811546451717,3.45564846045832,0.0419057517304614,0.0424045578987665,0.720758215606012,2.11679313658142,0.717689776647854,0.0664363594631461,0.717689776647854,-0.0664363594631461,-2.16017485264182e-11,0,8.01050571685824e-13
0,0.0753846153846154,0.150626471763921,0.0744969173141996,0.148856058765952,3.4557083057377,0.0430754119260583,0.0435877274461586,0.720651995814634,2.11584081463196,0.715238892166676,0.0881624988518432,0.715238892166676,-0.0881624988518432,-2.610252788975e-11,0,8.51407458186433e-13
0,0.0774358974358974,0.154717064509028,0.0765246965782385,0.152900059935955,3.45576959558638,0.0442448652049127,0.0447706538962055,0.720542670340437,2.11486139645587,0.71272157790057,0.105875833768851,0.71272157790057,-0.105875833768851,-2.55645534651479e-11,0,9.01281785446354e-13
0,0.0794871794871795,0.158807006242388,0.078552527740132,0.156943535873776,3.45583231318024,0.0454141062560261,0.0459533310215058,0.720430224629844,2.11385481556218,0.710137932956602,0.121341768308905,0.710137932956602,-0.121341768308905,-2.53219845104631e-11,0,9.53003283974263e-13
0,0.0815384615384615,0.162896279754523,0.0805804121180421,0.160986472531104,3.45589644124719,0.046583129809586,0.0471357526256589,0.720314643973935,2.11282100617689,0.707488061585879,0.135328596522513,0.707488061585879,-0.135328596522513,-2.59734540386706e-11,0,2.01371439593278e-13
0,0.0835897435897436,0.166984867838765,0.0826083509426633,0.165028855683648,3.45596196206357,0.0477519305753898,0.0483179125441119,0.720195913632557,2.11175990437424,0.7047720699821,0.148251419508144,0.7047720699821,-0.148251419508144,-3.06061067077896e-11,0,2.12325012046835e-13
0,0.0856410256410256,0.171072753291331,0.0846363455188048,0.169070671253247,3.45602885746011,0.0489205033367402,0.0494998046448764,0.720074018489766,2.11067144501937,0.701990068440605,0.16036376122664,0.701990068440605,-0.16036376122664,-2.45767673492614e-11,0,2.2128427254702e-13
0,0.0876923076923077,0.175159918911394,0.086664397117551,0.17311190509285,3.4560971088185,0.0500888428890328,0.0506814228293701,0.71994894323271,2.10955556339469,0.699142170041373,0.1718333696688,0.699142170041373,-0.1718333696688,-2.86403583709382e-11,0,2.36910810883599e-13
0,0.0897435897435898,0.179246347501156,0.0886925070029861,0.177152543039768,3.45616669707255,0.0512569440559162,0.0518627610331937,0.719820671994443,2.10841219204236,0.696228492315274,0.182777696448258,0.696228492315274,-0.182777696448258,-2.73778791013029e-11,0,2.48479151123786e-13
0,0.0917948717948718,0.18333202186592,0.0907206764320281,0.181192570915325,3.45623760270842,0.0524248016899465,0.0530438132269189,0.719689189556915,2.10724127151223,0.693249155461497,0.19328253417474,0.693249155461497,-0.19328253417474,-3.26894977746537e-11,0,2.58706084532251e-13
0,0.0938461538461538,0.187416924814163,0.0927489066542712,0.185231974524522,3.45630980576482,0.0535924106732479,0.054224573416876,0.719554476997282,2.10604271163496,0.690204281613223,0.203412622542475,0.690204281613223,-0.203412622542475,-3.43357993186621e-11,0,2.70774200049476e-13
0,0.0958974358974359,0.191501039157607,0.0947771989118106,0.189270739655667,3.45638328583356,0.0547597659181544,0.0554050356459307,0.719416520295274,2.1048164681684,0.687093999974698,0.21321811572315,0.687093999974698,-0.21321811572315,-3.11846058476388e-11,0,2.84031290629929e-13
0,0.097948717948718,0.195584347711295,0.0968055544391095,0.193308852080094,3.45645802205977,0.0559268623678806,0.0565851939942676,0.71927530127533,2.10356246221102,0.683918440668805,0.222738693400735,0.683918440668805,-0.222738693400735,-3.91366766320326e-11,0,2.96324413541998e-13
0,0.1,0.199666833293656,0.0988339744628082,0.197346297551762,3.45653399314205,0.0570936949971583,0.0577650425801703,0.719130803114935,2.10228062924158,0.680677738564227,0.232006310715508,0.680677738564227,-0.232006310715508,-3.53086437963048e-11,0,3.10266561664304e-13
0,0.107954545454545,0.215489961173112,0.106700497079858,0.212996296355676,3.45683986693985,0.0616158990738064,0.0623372703011185,0.718539113741715,2.09704537641574,0.667497315409723,0.265980811145356,0.667497315409723,-0.265980811145356,-4.37297611379963e-11,0,2.34750365197296e-13
0,0.115909090909091,0.231299454041693,0.114568077627792,0.22863521654366,3.45716264371452,0.0661337750363993,0.0669044178358861,0.717896768449998,2.0913865158248,0.653348043229408,0.29750983943267,0.653348043229408,-0.29750983943267,-3.87974783618331e-11,0,2.71008303621526e-13
0,0.123863636363636,0.24709431156228,0.122436784013899,0.244262219374086,3.45750089152132,0.0706470445092524,0.0714661598983875,0.717202632099112,2.08529997952657,0.638239423115465,0.327154480744392,0.638239423115465,-0.327154480744392,-5.10696238952349e-11,0,3.1153160186065e-13
0,0.131818181818182,0.262873534323796,0.13030668202987,0.259876461465877,3.45785307832815,0.0751554376600424,0.0760221815008097,0.716455507654323,2.07878175448264,0.62218190643502,0.355243817332684,0.62218190643502,-0.355243817332684,-4.67865307074097e-11,0,3.56433986241155e-13
0,0.139772727272727,0.278636123904446,0.138177835222163,0.275477094541234,3.45821757243433,0.0796586937551527,0.0805721786059592,0.715654146181922,2.07182799987395,0.605186954842722,0.381981160053175,0.605186954842722,-0.381981160053175,-6.19392152526763e-11,0,4.07516514516428e-13
0,0.147727272727273,0.294381082934889,0.14605030476002,0.291063265169529,3.45859264294161,0.0841565617053915,0.0851158587686439,0.714797242444958,2.06443503846371,0.587267094648334,0.407495346415417,0.587267094648334,-0.407495346415417,-5.81979311209132e-11,0,4.5445684117637e-13
0,0.155681818181818,0.31010741516135,0.153924149305714,0.306634114521745,3.45897646028031,0.0886488006041233,0.0896529417653857,0.713883438482143,2.05659941805197,0.568435980425139,0.431868151056775,0.568435980425139,-0.431868151056775,-6.92485098793979e-11,0,5.13250246208293e-13
0,0.163636363636364,0.325814125508653,0.161799424887163,0.322188778136097,3.45936709679854,0.0931351802571822,0.0941831602116401,0.712911347440499,2.0483181441383,0.548708478608501,0.45515007943817,0.548708478608501,-0.45515007943817,-8.12656736719653e-11,0,5.67636005049361e-13
0,0.171590909090909,0.341500220143186,0.169676184773039,0.33772638569534,3.45976252741524,0.0976154817040731,0.0987062601658727,0.711879525271912,2.03958846463244,0.528100713016242,0.4773699774945,0.528100713016242,-0.4773699774945,-8.95683839636711e-11,0,6.30824047959366e-13
0,0.179545454545455,0.357164706535787,0.177554479350467,0.353246060816248,3.46016063034616,0.102089497729737,0.10322200171963,0.710786505933208,2.03040819559639,0.506630165185027,0.498541204657479,0.506630165185027,-0.498541204657479,-8.55847412000799e-11,0,6.89329959578399e-13
0,0.1875,0.37280659352454,0.185434356005485,0.368746920851875,3.46055918790501,0.106557033366365,0.10773015957292,0.709630791161473,2.0207756560311,0.484315738339402,0.518665716392763,0.484315738339402,-0.518665716392763,-7.72654079574654e-11,0,7.636254855567e-13
0,0.195454545454545,0.388424891377497,0.193315859006324,0.384228076706972,3.46095588738709,0.111017906384543,0.112230523594089,0.708410858415836,2.01068975481493,0.461177845784757,0.537736867695338,0.461177845784757,-0.537736867695338,-1.03224566444345e-10,0,8.35745346425417e-13
0,0.203409090909091,0.404018611855301,0.201199029389662,0.399688632667092,3.46134832204006,0.115471947773093,0.116722899363442,0.707125165993122,2.00015004983738,0.437238495665209,0.55574139515536,0.437238495665209,-0.55574139515536,-9.60444189454755e-11,0,9.11676927864683e-13
0,0.211363636363636,0.419586768273711,0.209083904849955,0.415127686241838,3.46173399212865,0.119919002206918,0.121207108699795,0.705772165906347,1.98915686583228,0.412521385289293,0.57266085674432,0.412521385289293,-0.57266085674432,-1.18364394279658e-10,0,9.91390783770333e-13
0,0.219318181818182,0.435128375566041,0.21697051963576,0.430544328030105,3.46211030609703,0.124358928504353,0.125682990169247,0.704350291419831,1.9777112010947,0.387051981489605,0.588472681309992,0.387051981489605,-0.588472681309992,-1.12855008678709e-10,0,2.14363606953113e-13
0,0.227272727272727,0.450642450345487,0.224858904430366,0.445937641563185,3.46247458183694,0.128791600060383,0.130150399575326,0.702857981015631,1.96581492633212,0.360857630910091,0.603150985816425,0.360857630910091,-0.603150985816425,-1.12278864056823e-10,0,2.31478327358236e-13
0,0.235227272727273,0.466128010967347,0.232749086273706,0.461306703237295,3.46282404806818,0.133216905287072,0.134609210429675,0.701293673781334,1.95347074502414,0.333967651140788,0.616667191341671,0.333967651140788,-0.616667191341671,-1.27072903347027e-10,0,2.44518756335719e-13
0,0.243181818181818,0.481584077591141,0.240641088450027,0.476650582188013,3.46315584583395,0.137634748017883,0.139059314402633,0.699655824056836,1.94068230233169,0.306413439744019,0.628990521455522,0.306413439744019,-0.628990521455522,-1.39531298639647e-10,0,2.69897192324444e-13
0,0.251136363636364,0.497009672242602,0.248534930397989,0.491968340217641,3.46346703012042,0.142045047906963,0.143500621752799,0.697942889320076,1.92745407768975,0.278228567139657,0.640088385443658,0.278228567139657,-0.640088385443658,-1.30555850375896e-10,0,2.89314493207224e-13
0,0.259090909090909,0.512403818875562,0.256430627620738,0.507259031731644,3.4637545716057,0.146447740809907,0.147933061734806,0.69615335448848,1.91379155658398,0.249448896901447,0.649926719561686,0.249448896901447,-0.649926719561686,-1.49417928926157e-10,0,3.13678948089595e-13
0,0.267045454545455,0.527765543433711,0.264328191599795,0.52252170369186,3.46401535854394,0.150842779147346,0.152356582984537,0.69428573160815,1.89970120124226,0.220112692823192,0.658470257166402,0.220112692823192,-0.658470257166402,-1.43596627024032e-10,0,3.30903254759366e-13
0,0.275,0.543093873912226,0.272227629712897,0.537755395586784,3.46424619878995,0.155230132250595,0.156771153881017,0.692338544646452,1.88519030725936,0.190260716100931,0.665682747494576,0.190260716100931,-0.665682747494576,-1.46864874744825e-10,0,3.51561929344805e-13
0,0.282954545454545,0.558387840419276,0.280128945155835,0.552959139419134,3.46444382197222,0.159609786688458,0.161176762884093,0.690310378730338,1.87026733630938,0.159936371554643,0.671527196796048,0.159936371554643,-0.671527196796048,-1.49428799967478e-10,0,3.74374989564615e-13
0,0.290909090909091,0.573646475237395,0.288032136868424,0.568131959710985,3.46460488181767,0.163981746574495,0.165573418847241,0.68819983691855,1.85494155006633,0.129185792514716,0.675966009905131,0.129185792514716,-0.675966009905131,-1.52472424300853e-10,0,3.91341167311434e-13
0,0.298863636363636,0.588868812884706,0.295937199464705,0.583272873526721,3.46472595863517,0.168346033853853,0.16996115130464,0.686005579931073,1.83922325574228,0.0980579750601873,0.678961183885841,0.0980579750601873,-0.678961183885841,-1.6495978718181e-10,0,4.2585395456285e-13
0,0.306818181818182,0.604053890176021,0.303844123167486,0.598380890514033,3.46480356196276,0.172702688568889,0.174340010731758,0.683726303692169,1.82312358873885,0.0666048904297392,0.680474427830612,0.0666048904297392,-0.680474427830612,-1.67277442639485e-10,0,4.45740751285707e-13
0,0.314772727272727,0.619200746283776,0.311752893747282,0.61345501296303,3.46483413338326,0.17705176910273,0.178710068778719,0.681360756659124,1.80665458062667,0.0348816051801717,0.680467305853227,0.0348816051801717,-0.680467305853227,-1.79412217803089e-10,0,4.71278844628661e-13
0,0.322727272727273,0.634308422798834,0.319663492465778,0.628494235883749,3.46481404951413,0.181393352399931,0.183071418475627,0.678907747194246,1.78982914608086,0.00294640715967883,0.678901353574447,0.00294640715967883,-0.678901353574447,-1.72990295599976e-10,0,5.03279664558628e-13
0,0.330681818181818,0.649375963791127,0.327575896023979,0.643497547102244,3.46473962517513,0.185727534163471,0.187424174409153,0.676366116017519,1.77266082867482,-0.0291390945497565,0.675738141638789,-0.0291390945497565,-0.675738141638789,-1.8876419503209e-10,0,5.25277829440397e-13
0,0.338636363636364,0.664402415870138,0.335490076515032,0.658463927375231,3.46460711673719,0.19005442902725,0.191768472869687,0.673734789685484,1.75516409657729,-0.0613098102982253,0.670939396662426,-0.0613098102982253,-0.670939396662426,-1.73139404839093e-10,0,5.53821361249342e-13
0,0.346590909090909,0.67938682824523,0.343406001381915,0.673392350523503,3.46441272565879,0.194374170703189,0.1961044719682,0.671012729703023,1.73735392541521,-0.0934970914783324,0.664466987373033,-0.0934970914783324,-0.664466987373033,-1.81173841521107e-10,0,5.88581105894126e-13
0,0.354545454545454,0.694328252785805,0.351323633380078,0.688281783584186,3.46415260221029,0.198686912102264,0.200432351722263,0.668198957023652,1.71924589367017,-0.125628593209693,0.65628294411454,-0.125628593209693,-0.65628294411454,-1.85683140075214e-10,0,6.13001690726203e-13
0,0.3625,0.709225744081297,0.359242930545167,0.703131186981951,3.46382284938941,0.202992825428672,0.204752314110497,0.665292544270083,1.70085605928952,-0.157628156794387,0.646349389762971,-0.157628156794387,-0.646349389762971,-2.1547566373674e-10,0,6.44287642642958e-13
0,0.370454545454545,0.724078359500994,0.367163846165913,0.717939514719137,3.46341952703231,0.20729210224622,0.209064583094683,0.662292613135107,1.68220087316087,-0.189415700054544,0.634628393618009,-0.189415700054544,-0.634628393618009,-2.02884501283735e-10,0,6.75590255988182e-13
0,0.378409090909091,0.738885159253678,0.375086328762294,0.732705714584803,3.46293865611849,0.21158495351635,0.213369404609054,0.659198327239994,1.66329706716307,-0.220907101723922,0.62108170722051,-0.220907101723922,-0.62108170722051,-1.77146383080397e-10,0,7.14011534811929e-13
0,0.386363636363636,0.753645206447096,0.38301032206924,0.747428728383009,3.46237622327308,0.215871609607012,0.217667046516006,0.656008898783719,1.64416162971871,-0.252014088330684,0.605670351401058,-0.252014088330684,-0.605670351401058,-1.86767698131333e-10,0,7.41755253413738e-13
0,0.394318181818182,0.768357567147234,0.390935765025795,0.762107492179896,3.46172818546436,0.220152320271693,0.221957798527779,0.652723551776329,1.62481152484567,-0.282644140538545,0.58835391123263,-0.282644140538545,-0.58835391123263,-1.4916944903916e-10,0,7.75739787920761e-13
0,0.402272727272727,0.783021310437417,0.398862591770014,0.776740936569799,3.46099047489905,0.224427354597806,0.226241972093338,0.649341540331731,1.6052637522343,-0.312700372685599,0.56908954736726,-0.312700372685599,-0.56908954736726,-1.80753638728823e-10,0,8.17437870977537e-13
0,0.410227272727273,0.797635508477212,0.406790731639811,0.791327986960521,3.46015900411096,0.228697000924049,0.23051990025012,0.645862122493376,1.58553514739742,-0.342081446038326,0.547830416778748,-0.342081446038326,-0.547830416778748,-1.7938321532682e-10,0,8.49167037242323e-13
0,0.418181818181818,0.812199236561133,0.414720109179712,0.805867563877293,3.45922967124188,0.232961566725918,0.234791937440092,0.642284546680723,1.5656422705489,-0.370681467971329,0.524523296153262,-0.370681467971329,-0.524523296153262,-1.67611099028722e-10,0,8.86234429353704e-13
0,0.426136363636364,0.826711573177153,0.422650644153815,0.820358583285659,3.45819836551373,0.237221378468783,0.239058459289493,0.638608034736218,1.54560128811037,-0.398389908113808,0.499104901942193,-0.398389908113808,-0.499104901942193,-1.47876399118879e-10,0,9.25082191334017e-13
0,0.434090909090909,0.841171600065014,0.430582251565209,0.834799956933315,3.45706097288408,0.241476781428265,0.243319862352112,0.634831760882847,1.52542784571798,-0.425091507309247,0.471496102888633,-0.425091507309247,-0.471496102888633,-1.75954848858193e-10,0,9.65321511470348e-13
0,0.442045454545455,0.855578402274325,0.438514841682723,0.849190592712055,3.45581338188397,0.245728139477575,0.247576563815462,0.630954821781776,1.50513691069907,-0.450666206981065,0.441592523730841,-0.450666206981065,-0.441592523730841,-1.73352046122251e-10,0,1.96660426529841e-13
0,0.45,0.86993106822246,0.446448320069916,0.863529395030141,3.45445148963048,0.249975834838692,0.251829001169594,0.626976227488547,1.4847427414941,-0.474989066347567,0.409248795582878,-0.474989066347567,-0.409248795582878,-1.57444698843615e-10,0,2.09034269953361e-13
0.05,0.02,0.0399973333866662,0.0183339185935184,0.0366657830124964,3.43700972397101,0.0106679311253545,0.0116372476655244,0.993717596750679,109.984595242246,0.993717596750679,0,0.0105928164302079,0,1.46900748611562e-08,0,5.44389095263452e-13
0.05,0.0220512820512821,0.044098989977715,0.0202145930039217,0.040426432635934,3.43703274594239,0.0117620155593978,0.0128305411200333,0.992362214892283,90.405364078554,0.992362214892283,0,0.0107502841844279,0,1.44837832611625e-08,0,6.30042183471342e-13
0.05,0.0241025641025641,0.0482004610109486,0.0220953471559118,0.0441870987179444,3.43705799779078,0.0128560817845804,0.0140237555030873,0.99087432375783,75.6086027457497,0.99087432375783,0,0.0109235573845749,0,1.42592256630119e-08,0,7.22369248083358e-13
0.05,0.0261538461538462,0.0523017292283753,0.0239761884503135,0.047947782734528,3.43708547500284,0.0139501281196646,0.0152168834929344,0.989253847137725,64.1546933265648,0.989253847137725,0,0.0111127590332107,0,1.40273174491955e-08,0,8.22074188664875e-13
0.05,0.0282051282051282,0.0564027773728568,0.0258571242838551,0.0517084861478881,3.43711517266318,0.0150441528870337,0.0164099177768181,0.987500701368706,55.107585864234,0.987500701368706,0,0.0113180261664544,0,1.37828133415573e-08,0,9.27327522780322e-13
0.05,0.0302564102564103,0.0605035881881807,0.0277381618116607,0.0554692099311241,3.43714708545618,0.0161381542750482,0.0176028510517322,0.98561479267061,47.8373089869159,0.98561479267061,0,0.0115395068543304,0,1.35100634374317e-08,0,2.07385404677316e-13
0.05,0.0323076923076923,0.0646041444191334,0.0296193089012248,0.0592299564749971,3.43718120765924,0.017232130893481,0.0187956760252188,0.983596020191152,41.9072889803305,0.983596020191152,0,0.0117773649104488,0,1.32287208541298e-08,0,2.31916706494908e-13
0.05,0.0343589743589744,0.0687044288115725,0.0315005726911139,0.0629907267058935,3.43721753315249,0.0183260809356226,0.0199883854160837,0.981444272258505,37.0072351678797,0.981444272258505,0,0.0120317743742204,0,1.29645937293292e-08,0,2.569938499504e-13
0.05,0.0364102564102564,0.0728044241124992,0.0333819605579992,0.066751522018748,3.43725605541195,0.0194200027413285,0.0211809719551934,0.97915942840692,32.9117189996293,0.97915942840692,0,0.0123029250013,0,1.27072809916057e-08,0,2.83496732888773e-13
0.05,0.0384615384615385,0.0769041130701315,0.0352634798724381,0.0705123437882974,3.43729676751097,0.020513894655467,0.0223734283862314,0.976741359414567,29.4537735907645,0.976741359414567,0,0.0125910200502457,0,1.24158982105139e-08,0,3.1147564850806e-13
0.05,0.0405128205128205,0.081003478433976,0.0371451379985668,0.0742731933679948,3.43733966212006,0.0216077550282549,0.0235657474664622,0.974189924198851,26.5075977088628,0.974189924198851,0,0.0128962776440377,0,1.21234785945762e-08,0,3.40574621204515e-13
0.05,0.0425641025641026,0.0851025029549013,0.0390269422750819,0.0780340720515306,3.43738473150704,0.0227015822047125,0.0247579219674925,0.971504971992686,23.9769539675404,0.971504971992686,0,0.0132189311648492,0,1.18625990036118e-08,0,2.43783792983707e-13
0.05,0.0446153846153846,0.08920116938521,0.0409089000048681,0.0817949810516493,3.43743196753337,0.0237953745191774,0.0259499446760597,0.968686339938422,21.7872055946515,0.968686339938422,0,0.0135592294953566,0,1.1539797447702e-08,0,4.38962334154251e-13
0.05,0.0466666666666667,0.0932994604787113,0.0427910187064382,0.0855559220021239,3.43748136166423,0.0248891304419183,0.0271418083947199,0.965733854165622,19.8797504732637,0.965733854165622,0,0.0139174379158514,0,1.12400953292809e-08,0,2.92438528853981e-13
0.05,0.0487179487179487,0.0973973589907941,0.0446733055790426,0.0893168958883938,3.4375329049546,0.0259828482687858,0.0283335059427105,0.962647327360413,18.2080571406381,0.962647327360413,0,0.0142938385072624,0,1.1000045870632e-08,0,3.20396307902364e-13
0.05,0.0507692307692308,0.101494847678499,0.0465557679745571,0.093077903990104,3.43758658805727,0.0270765263960104,0.0295250301566536,0.959426560481132,16.734800831748,0.959426560481132,0,0.0146887323191735,0,1.07151485079012e-08,0,3.49468911809398e-13
0.05,0.0528205128205128,0.105591909300591,0.048438413210744,0.0968389475074668,3.43764240122089,0.0281701632121695,0.0307163738913301,0.956071338755437,15.4297596038002,0.956071338755437,0,0.0151024373859063,0,1.03982072108277e-08,0,3.80082318667552e-13
0.05,0.0548717948717949,0.109688526617631,0.0503212485964048,0.100600027611058,3.43770033428973,0.0292637571133271,0.0319075300204415,0.952581433922026,14.2682531154571,0.952581433922026,0,0.015535291392165,0,1.01381227839428e-08,0,4.12478778681186e-13
0.05,0.0569230769230769,0.113784682392053,0.0522042814308894,0.104361145440373,3.4377603767028,0.0303573065032727,0.0330984914373773,0.948956601937139,13.2299660143902,0.948956601937139,0,0.0159876542872227,0,9.83909240949676e-09,0,4.44216777522406e-13
0.05,0.058974358974359,0.117880359388228,0.0540875190038217,0.108122302102817,3.43782251749426,0.0314508097938763,0.0342892510559701,0.945196580497737,12.2980529193553,0.945196580497737,0,0.0164599022971498,0,9.54973586599611e-09,0,4.80774015832466e-13
0.05,0.061025641025641,0.121975540372546,0.0559709685946987,0.11188349867244,3.43788674529267,0.0325442654053793,0.0354798018112613,0.941301093220007,11.4584518737789,0.941301093220007,0,0.0169524404923963,0,9.27998236629539e-09,0,5.17153734298516e-13
0.05,0.0630769230769231,0.126070208113481,0.0578546374725116,0.115644736188722,3.43795304832088,0.0336376717666938,0.0366701366602592,0.937269840939898,10.6993486021882,0.937269840939898,0,0.0174656929976392,0,9.03353430667249e-09,0,5.52787373609765e-13
0.05,0.0651282051282051,0.130164345381669,0.0597385328953717,0.119406015655364,3.43802141439567,0.0347310273157077,0.0378602485827008,0.933102508388215,10.0107601545723,0.933102508388215,0,0.0180001110860512,0,8.82068622312959e-09,0,5.93163513426268e-13
0.05,0.0671794871794872,0.134257934949976,0.0616226621101422,0.123167338039098,3.43809183092718,0.0358243304995965,0.0390501305818145,0.928798756374039,9.38420346405788,0.928798756374039,0,0.018556171238764,0,8.52714533025911e-09,0,6.3343302885863e-13
0.05,0.0692307692307692,0.138350959593574,0.0635070323520628,0.126928704268478,3.43816428491899,0.0369175797751237,0.0402397756850744,0.924358223837075,8.81243332283069,0.924358223837075,0,0.0191343761189334,0,8.29640670941013e-09,0,6.74969842029937e-13
0.05,0.0712820512820513,0.142443402090012,0.0653916508443744,0.130690115232677,3.4382387629674,0.038010773608952,0.0414291769449645,0.919780526316441,8.28923173810356,0.919780526316441,0,0.0197352598088192,0,8.04306043155507e-09,0,7.18059309033869e-13
0.05,0.0733333333333333,0.146535245219288,0.0672765247979384,0.134451571780273,3.43831525126112,0.0391039104779466,0.0426183274397369,0.915065252339891,7.80923776671021,0.915065252339891,0,0.0203593858249236,0,7.81190948558401e-09,0,7.61805295641858e-13
0.05,0.0753846153846154,0.150626471763921,0.0691616614108866,0.1382130747181,3.43839373558137,0.0401969888694933,0.0438072202741648,0.910211962933367,7.36780968252149,0.910211962933367,0,0.0210073500772433,0,7.59741977394744e-09,0,8.07741398278189e-13
0.05,0.0774358974358974,0.154717064509028,0.0710470678681751,0.141974624809902,3.43847420130051,0.0412900072817773,0.0449958485803121,0.905220190531097,6.96091225855237,0.905220190531097,0,0.0216797858175054,0,7.38861856312851e-09,0,8.54428160209255e-13
0.05,0.0794871794871795,0.158807006242388,0.0729327513412769,0.145736222775276,3.43855663338269,0.042382964224122,0.046184205518279,0.900089435581171,6.58502396684441,0.900089435581171,0,0.0223773609806039,0,7.1578644482465e-09,0,9.02358893626635e-13
0.05,0.0815384615384615,0.162896279754523,0.0748187189877648,0.14949786928839,3.43864101638279,0.0434758582172825,0.0473722842769665,0.89481916363461,6.23706039568362,0.89481916363461,0,0.0231007830362641,0,6.94188904765337e-09,0,9.52751407758205e-13
0.05,0.0835897435897436,0.166984867838765,0.07670497797624,0.15325956502725,3.43872733444848,0.0445686878084012,0.0485600780747993,0.889408805331331,5.91431084511244,0.889408805331331,0,0.0238508019078117,0,6.72373510704328e-09,0,2.00610182508094e-13
0.05,0.0856410256410256,0.171072753291331,0.0785915353849065,0.157021310470988,3.4388155713112,0.0456614515128292,0.0497475801606022,0.883857747684214,5.61438492530762,0.883857747684214,0,0.0246282112355376,0,6.51988809809337e-09,0,2.13265993183022e-13
0.05,0.0876923076923077,0.175159918911394,0.0804783983525225,0.160783106200465,3.43890571029834,0.0467541479020418,0.0509347838141797,0.878165341950906,5.33516870765217,0.878165341950906,0,0.0254338542661288,0,6.33102111840777e-09,0,2.22387952245957e-13
0.05,0.0897435897435898,0.179246347501156,0.0823655739772716,0.164544952696138,3.43899773432445,0.0478467755456259,0.0521216823471873,0.872330887049953,5.07478656918651,0.872330887049953,0,0.0262686254252807,0,6.12201068018935e-09,0,2.33024140219133e-13
0.05,0.0917948717948718,0.18333202186592,0.0842530693415398,0.168306850387044,3.43909162589305,0.0489393330261559,0.0533082691038546,0.866353637798906,4.83157014776046,0.866353637798906,0,0.0271334719415773,0,5.98343571406942e-09,0,2.44547010147012e-13
0.05,0.0938461538461538,0.187416924814163,0.0861408915115107,0.172068799649554,3.43918736709608,0.0500318189394962,0.0544945374617407,0.86023279154807,4.60403104853292,0.86023279154807,0,0.0280294023364538,0,5.75962706186756e-09,0,2.55987765233684e-13
0.05,0.0958974358974359,0.191501039157607,0.0880290475367945,0.175830800806198,3.43928493961339,0.0511242318951227,0.0556804808324878,0.853967490559421,4.39083825098327,0.853967490559421,0,0.0289574877001836,0,5.63565802980582e-09,0,2.67807211328842e-13
0.05,0.097948717948718,0.195584347711295,0.0899175444500256,0.179592854124433,3.43938432471235,0.0522165705164262,0.0568660926625733,0.847556813941736,4.19079840511217,0.847556813941736,0,0.0299188671050601,0,5.41080706646697e-09,0,2.797787363069e-13
0.05,0.1,0.199666833293656,0.0918063892664823,0.183354959815455,3.43948550324743,0.0533088334410302,0.0580513664340607,0.84099977167479,4.0028390361959,0.84099977167479,0,0.0309147546511996,0,5.28032438258672e-09,0,2.92266008024391e-13
0.05,0.107954545454545,0.215489961173112,0.0991344487737499,0.197944304564879,3.43989445141761,0.0575437145995294,0.0626443526731777,0.814167509403732,3.37151637203417,0.814167509403732,0,0.0351281699552847,0,4.68206976764457e-09,0,2.2975255426405e-13
0.05,0.115909090909091,0.231299454041693,0.106468250221223,0.212534438520105,3.44032886774384,0.0617773610287103,0.067231785952306,0.785041789150642,2.86402763874354,0.785041789150642,0,0.0399708362250866,0,4.17931681691063e-09,0,2.68279826482693e-13
0.05,0.123863636363636,0.24709431156228,0.113808194553658,0.227125347733052,3.4407874587133,0.0660096999475774,0.0718133027765342,0.753521223946548,2.44929981810871,0.753521223946548,0,0.0455598620792375,0,3.74268636416877e-09,0,3.01279965103106e-13
0.05,0.131818181818182,0.262873534323796,0.121154677911417,0.241717002862526,3.44126883638403,0.0702406624867223,0.0763885493468203,0.71946597395145,2.10525590528691,0.71946597395145,0,0.0520523467446978,0,3.33652381798639e-09,0,3.50079186133103e-13
0.05,0.139772727272727,0.278636123904446,0.128508091279592,0.256309358126292,3.4417715179535,0.0744701839704616,0.0809571822100859,0.682677820394752,1.81579416721602,0.682677820394752,0,0.0596653384379403,0,2.94079964413124e-09,0,3.91988747376796e-13
0.05,0.147727272727273,0.294381082934889,0.135868820128241,0.270902350246102,3.44229392532683,0.0786982041983476,0.0855188689056933,0.642865520135621,1.5688461776342,0.642865520135621,0,0.0687106139770298,0,2.63593039264482e-09,0,4.40474488244145e-13
0.05,0.155681818181818,0.31010741516135,0.143237244048001,0.285495897395026,3.44283438469154,0.0829246677285654,0.0900732886078499,0.59957963202835,1.3550562955057,0.59957963202835,0,0.0796599161439478,0,2.34250267480855e-09,0,4.90495942042401e-13
0.05,0.163636363636364,0.325814125508653,0.150613736380796,0.300089898147411,3.44339112610378,0.0871495241631072,0.0946201327635161,0.55207631805826,1.16677894010104,0.55207631805826,0,0.0932812655740548,0,2.08270240408464e-09,0,5.47292394119539e-13
0.05,0.171590909090909,0.341500220143186,0.157998663845626,0.314684230432376,3.44396228309178,0.0913727284347238,0.0991591057253417,0.498985225289704,0.997077569440599,0.498985225289704,0,0.110971201936589,0,1.87232790749665e-09,0,6.03884178248636e-13
0.05,0.179545454545455,0.357164706535787,0.165392386159502,0.329278750491909,3.44454589228654,0.0955942410955451,0.103689925379016,0.43726740113639,0.837933380002441,0.43726740113639,0,0.135796947533888,0,1.67619659397705e-09,0,6.65577661885328e-13
0.05,0.1875,0.37280659352454,0.172795255653367,0.343873291844223,3.44513989308257,0.0998140286072794,0.108212323764585,0.356619768734051,0.672250190372618,0.356619768734051,0,0.178092094978985,0,1.47003520021242e-09,0,7.29970849558391e-13
0.05,0.195454545454545,0.388424891377497,0.180207616883262,0.358467664253912,3.44574212734171,0.104032063632823,0.112726047690967,0.260308459059524,0.515011052871198,0.24746591157862,0.0807534300479346,0.24746591157862,-0.0807534300479346,1.30689458674438e-09,0,7.98158610821997e-13
0.05,0.203409090909091,0.404018611855301,0.187629806236641,0.373061652709738,3.44635033914263,0.10824832532915,0.117230859343165,0.268551819468999,0.527223835705066,0.226879786994444,0.143685914387825,0.226879786994444,-0.143685914387825,1.20994485949203e-09,0,8.68382781101836e-13
0.05,0.211363636363636,0.419586768273711,0.195062151534152,0.387655016411758,3.4469621745901,0.112462799641211,0.121726536881307,0.276734862211421,0.539542039782013,0.205616543228351,0.185213447443748,0.205616543228351,-0.185213447443748,1.05490396269198e-09,0,9.3842451603209e-13
0.05,0.219318181818182,0.435128375566041,0.202504971630588,0.402247487776128,3.44757518169007,0.11667547959866,0.12621287503083,0.284848796520596,0.551958081665991,0.183696551131376,0.217702581476817,0.183696551131376,-0.217702581476817,9.35926893905271e-10,0,2.03857832880476e-13
0.05,0.227272727272727,0.450642450345487,0.209958575993713,0.416838771416995,3.44818681029572,0.120886365603042,0.130689685663185,0.29288539141376,0.564464097641691,0.161141648299001,0.244571506286142,0.161141648299001,-0.244571506286142,8.3490059959056e-10,0,2.20252077141249e-13
0.05,0.235227272727273,0.466128010967347,0.217423264315105,0.431428543212755,3.4487944121495,0.125095465735188,0.135156798365614,0.300836888158426,0.57705182074564,0.137975215136284,0.267330644118742,0.137975215136284,-0.267330644118742,7.36601495462594e-10,0,2.42106732282826e-13
0.05,0.243181818181818,0.481584077591141,0.224899326081796,0.446016449318184,3.44939524101121,0.129302796042425,0.139614060999853,0.30869593862071,0.589712491743866,0.114222259649725,0.286786432596509,0.114222259649725,-0.286786432596509,6.34990344814176e-10,0,2.54407341133861e-13
0.05,0.251136363636364,0.497009672242602,0.232387040162667,0.460602105229488,3.44998645289654,0.13350838083517,0.144061340248256,0.316455568817206,0.60243680658826,0.0899095113426683,0.303414579091949,0.0899095113426683,-0.303414579091949,5.50503653818433e-10,0,2.72342554320919e-13
0.05,0.259090909090909,0.512403818875562,0.239886674388796,0.475185094862628,3.45056510643412,0.137712252980409,0.148498522146446,0.324109104709863,0.615214798609433,0.0650654968838091,0.31751093346701,0.0650654968838091,-0.31751093346701,4.83512578408894e-10,0,2.87038520248834e-13
0.05,0.267045454545455,0.527765543433711,0.247398485131764,0.489764969654043,3.45112816335013,0.141914454193614,0.152925512601477,0.331650161009611,0.628035819716318,0.039720649000401,0.329262963815683,0.039720649000401,-0.329262963815683,4.27606553607727e-10,0,3.10732009213778e-13
0.05,0.275,0.543093873912226,0.254922716880671,0.504341247686421,3.45167248909367,0.146115035328525,0.157342237894311,0.33907260375924,0.640888477719691,0.0139073962044441,0.338787270939868,0.0139073962044441,-0.338787270939868,3.20593633624512e-10,0,3.30561061873527e-13
0.05,0.282954545454545,0.558387840419276,0.262459601818472,0.518913412841966,3.4521948536157,0.150314056664118,0.161748645165391,0.346370521371207,0.65376058571496,-0.0123397347313787,0.346150644982385,-0.0123397347313787,-0.346150644982385,2.51445794815706e-10,0,3.52426141583024e-13
0.05,0.290909090909091,0.573646475237395,0.270009359398419,0.533480913985903,3.45269193231178,0.154511588188149,0.166144702882109,0.353538202895472,0.666639123089271,-0.038984018149918,0.351382280764763,-0.038984018149918,-0.351382280764763,2.51578665359981e-10,0,3.73755036462133e-13
0.05,0.298863636363636,0.588868812884706,0.277572195921543,0.548043164183281,3.4531603071424,0.158707709876581,0.170530401286818,0.360570122306817,0.679510207658968,-0.0659864179158313,0.354480755120768,-0.0659864179158313,-0.354480755120768,1.65032934819696e-10,0,3.96162898729153e-13
0.05,0.306818181818182,0.604053890176021,0.285148304115948,0.56259953995175,3.45359646794318,0.162902511967998,0.174905752824032,0.367460921943776,0.692359067658527,-0.0933054869345782,0.355417522448839,-0.0933054869345782,-0.355417522448839,1.19153662630537e-10,0,4.12257680435101e-13
0.05,0.314772727272727,0.619200746283776,0.292737862719034,0.577149380553699,3.45399681393707,0.167096095232303,0.179270792545397,0.374205413697568,0.705170049345012,-0.120897235012511,0.354137755974843,-0.120897235012511,-0.354137755974843,1.10036303099172e-10,0,4.43377660134329e-13
0.05,0.322727272727273,0.634308422798834,0.300341036063726,0.591691987330964,3.45435765546146,0.171288571232767,0.183625578490974,0.380798530605818,0.717926533482073,-0.148715047099968,0.350558633722811,-0.148715047099968,-0.350558633722811,5.58123124373549e-11,0,4.66719669685766e-13
0.05,0.330681818181818,0.649375963791127,0.30795797366975,0.606226623085266,3.45467521592334,0.175480062580424,0.187970192045265,0.387235358953501,0.730611007489852,-0.176709534706447,0.344564890213263,-0.176709534706447,-0.344564890213263,4.18627431450508e-11,0,4.93108852800007e-13
0.05,0.338636363636364,0.664402415870138,0.315588809841315,0.620752511508042,3.45494563399383,0.179670703179913,0.192304738266491,0.393511115471454,0.743205039692703,-0.204828431853892,0.336000463547097,-0.204828431853892,-0.336000463547097,2.64536664899938e-11,0,5.19170692055082e-13
0.05,0.346590909090909,0.67938682824523,0.323233663272475,0.635268836663201,3.45516496605532,0.183860638465686,0.196629346187447,0.399621128911247,0.755689264598047,-0.233016470736185,0.32465423305103,-0.233016470736185,-0.32465423305103,-3.58386005347751e-11,0,5.45081140560915e-13
0.05,0.354545454545454,0.694328252785805,0.33089263666145,0.649774742526144,3.45532918891272,0.188050025627401,0.200944169086329,0.405560852492928,0.768043436338611,-0.261215258941094,0.310235706473526,-0.261215258941094,-0.310235706473526,-6.13527767921687e-11,0,5.7086569189978e-13
0.05,0.3625,0.709225744081297,0.338565816335558,0.664269332583159,3.45543420278101,0.19223903382346,0.205249384725803,0.411325849823666,0.780246436151493,-0.289363149731676,0.292331870158771,-0.289363149731676,-0.292331870158771,-3.04942561274234e-11,0,6.02286702262633e-13
0.05,0.370454545454545,0.724078359500994,0.346253271888114,0.678751669494558,3.45547583455827,0.196427844381475,0.209545195558734,0.416911783098717,0.792276290147594,-0.317395126935509,0.270325300858325,-0.317395126935509,-0.270325300858325,-8.08920819858367e-11,0,6.31371071541212e-13
0.05,0.378409090909091,0.738885159253678,0.353955055828922,0.693220774825357,3.45544984139817,0.200616650984249,0.213831828898638,0.422314420925422,0.804110236705106,-0.345242665718233,0.243222062916469,-0.345242665718233,-0.243222062916469,-8.61395727011013e-11,0,6.60879991909723e-13
0.05,0.386363636363636,0.753645206447096,0.361671203250183,0.707675628847572,3.45535191458773,0.204805659840297,0.218109537053339,0.427529623427618,0.815724753864845,-0.37283361246303,0.209228765531721,-0.37283361246303,-0.209228765531721,-1.02551421525382e-10,0,6.92112757648424e-13
0.05,0.394318181818182,0.768357567147234,0.369401731509281,0.72211517041738,3.45517768374224,0.208995089837253,0.222378597419928,0.432553339703128,0.827095621275396,-0.400092056136986,0.16440419186994,-0.400092056136986,-0.16440419186994,-1.3409308683832e-10,0,7.22927289349784e-13
0.05,0.402272727272727,0.783021310437417,0.377146639930415,0.736538296931215,3.45492272132434,0.213185172676999,0.226639312539318,0.437381607110217,0.838197995734076,-0.426938191218405,0.0950076371534034,-0.426938191218405,-0.0950076371534034,-1.22039988183173e-10,0,7.57088399158989e-13
0.05,0.410227272727273,0.797635508477212,0.384905909526897,0.750943864364425,3.45458254749218,0.21737615299121,0.230892010108789,0.553771521429792,1.17283172997056,-0.553771521429792,0,-0.352804898351771,0,-1.87653813498035e-10,0,7.90865643684961e-13
0.05,0.418181818181818,0.812199236561133,0.39267950274579,0.765330687395717,3.45415263528716,0.221568288435549,0.23513704295051,0.652799781335144,1.62525643076831,-0.652799781335144,0,-0.305308530603407,0,-1.24449110094578e-10,0,8.26072489259049e-13
0.05,0.426136363636364,0.826711573177153,0.400467363237151,0.779697539621478,3.45362841615954,0.225761849761622,0.239374788934724,0.73013273964409,2.20376290614763,-0.73013273964409,0,-0.278154880010799,0,-1.30995671369551e-10,0,8.62277464092233e-13
0.05,0.434090909090909,0.841171600065014,0.408269415649384,0.794043153862508,3.45300528583954,0.229957120864774,0.243605650855671,0.797815284163426,3.0686769966817,-0.797815284163426,0,-0.259105843192418,0,-1.51039548664699e-10,0,8.9947916264032e-13
0.05,0.442045454545455,0.855578402274325,0.416085565452996,0.808366222566949,3.45227861055236,0.234154398806652,0.247830056258824,0.859172759925252,4.56663039483081,-0.859172759925252,0,-0.24463383909447,0,-1.17281735173834e-10,0,9.36025931322995e-13
0.05,0.45,0.86993106822246,0.423915698794566,0.82266539831206,3.45144373357693,0.238353993811014,0.252048457217902,0.915573727010191,7.85842077498722,-0.915573727010191,0,-0.23315881076031,0,-1.27322559806631e-10,0,9.74753091268779e-13
0.1,0.02,0.0399973333866662,0.0171067770736412,0.0342118854522295,3.41988860370751,0.0100038011223934,0.0116955076675027,0.995789039058165,164.258646861857,0.995789039058165,0,-0.460888583680685,0,-3.53998813912017e-10,0,4.95229302955364e-13
0.1,0.0220512820512821,0.044098989977715,0.018861719065905,0.0377212013952525,3.41991544990143,0.0110298637343036,0.012894760301453,0.994881945901722,135.084910781143,0.994881945901722,0,-0.461031774812751,0,-3.53926253873985e-10,0,5.7401361555525e-13
0.1,0.0241025641025641,0.0482004610109486,0.0206167783464179,0.0412306356903889,3.41994490124831,0.0120559356600568,0.0140939291136986,0.993886703008172,113.036600194328,0.993886703008172,0,-0.461189139660214,0,-3.53651499398635e-10,0,6.58744631478844e-13
0.1,0.0261538461538462,0.0523017292283753,0.0223719658139773,0.0447401992955277,3.41997695384208,0.0130820177736185,0.0152930063372557,0.992803415204031,95.9691369643422,0.992803415204031,0,-0.461360736191587,0,-3.5513485620192e-10,0,7.49881029707326e-13
0.1,0.0282051282051282,0.0564027773728568,0.0241272923647108,0.0482499031557171,3.42001160342848,0.0141081109512458,0.0164919842132449,0.991632196150216,82.4879587994527,0.991632196150216,0,-0.461546627043704,0,-3.54848952729349e-10,0,8.47119537691301e-13
0.1,0.0302564102564103,0.0605035881881807,0.0258827688917692,0.0517597582019122,3.42004884540491,0.0151342160716375,0.0176908549915805,0.99037316757239,71.6544513238708,0.99037316757239,0,-0.461746880241676,0,-3.54017189548872e-10,0,9.50321400730309e-13
0.1,0.0323076923076923,0.0646041444191334,0.0276384060690551,0.0552697749179589,3.42008867482432,0.0161603338898217,0.0188896109316382,0.989026460238134,62.8181117820449,0.989026460238134,0,-0.461961569129114,0,-3.54153892317838e-10,0,2.12151510996821e-13
0.1,0.0343589743589744,0.0687044288115725,0.0293942152195725,0.0587799650760144,3.42013108637653,0.0171864655451815,0.0200882443030456,0.987592213432746,55.5165917303497,0.987592213432746,0,-0.462190772614349,0,-3.55593912284586e-10,0,2.35293720799992e-13
0.1,0.0364102564102564,0.0728044241124992,0.0311502070046938,0.0622903391153804,3.42017607441636,0.0182126117954351,0.0212867473862214,0.986070576521041,49.4139850795695,0.986070576521041,0,-0.462434574799285,0,-3.56202542546489e-10,0,2.59965570701936e-13
0.1,0.0384615384615385,0.0769041130701315,0.032906392302933,0.0658009078988036,3.42022363294373,0.0192387735307735,0.0224851124731693,0.984461707966718,44.2614903856435,0.984461707966718,0,-0.462693065347691,0,-3.55435096713693e-10,0,2.85643681360705e-13
0.1,0.0405128205128205,0.081003478433976,0.0346627819884544,0.0693116822690048,3.42027375560848,0.0202649516446891,0.0236833318681432,0.982765775586005,39.8716490564815,0.982765775586005,0,-0.462966339400695,0,-3.54444347143612e-10,0,3.12665770765785e-13
0.1,0.0425641025641026,0.0851025029549013,0.0364193869134112,0.0728226730127412,3.42032643571051,0.0212911470239868,0.0248813978883343,0.980982957154827,36.101053706232,0.980982957154827,0,-0.463254497695649,0,-3.53538829319178e-10,0,2.24565777808559e-13
0.1,0.0446153846153846,0.08920116938521,0.0381762178983713,0.0763338908410466,3.42038166619438,0.0223173605435612,0.0260793028646004,0.979113440111365,32.8384850728131,0.979113440111365,0,-0.463557646645537,0,-3.54634630847943e-10,0,4.12531999037403e-13
0.1,0.0466666666666667,0.0932994604787113,0.0399332859669879,0.0798453468575814,3.42043943966158,0.0233435932037672,0.0272770391420649,0.977157421127419,29.9966155803342,0.977157421127419,0,-0.463875898254678,0,-3.53268486373628e-10,0,2.8063898225409e-13
0.1,0.0487179487179487,0.0973973589907941,0.0416906018470499,0.0833570515608154,3.42049974835586,0.0243698458393054,0.0284745990809122,0.97511510741242,27.5061067529852,0.97511510741242,0,-0.464209370334129,0,-3.54909655392292e-10,0,3.05711720938602e-13
0.1,0.0507692307692308,0.101494847678499,0.0434481764106818,0.0868690157231693,3.42056258416903,0.0253961193767407,0.0296719750570374,0.972986716025188,25.3113379702816,0.972986716025188,0,-0.464558186703206,0,-3.56100826866852e-10,0,3.33600067424349e-13
0.1,0.0528205128205128,0.105591909300591,0.045206020500472,0.0903812500428799,3.42062793864067,0.0264224147332424,0.0308691594627365,0.97077247425585,23.3672743963642,0.97077247425585,0,-0.464922476801572,0,-3.55058088067908e-10,0,3.62401382501231e-13
0.1,0.0548717948717949,0.109688526617631,0.0469641449527723,0.0938937651899292,3.42069580295691,0.0274487328305445,0.0320661447074056,0.968472619350964,21.6371379789846,0.968472619350964,0,-0.465302376558038,0,-3.54584263124624e-10,0,3.92606948086225e-13
0.1,0.0569230769230769,0.113784682392053,0.0487225605974976,0.0974065718050083,3.42076616794987,0.0284750745951705,0.033262923218235,0.966087399248753,20.090655748448,0.966087399248753,0,-0.465698027204863,0,-3.56643073407935e-10,0,4.24079013494082e-13
0.1,0.058974358974359,0.117880359388228,0.0504812782578162,0.100919680498264,3.42083902409709,0.0295014409585966,0.034459487440904,0.96361707210424,18.7027260644652,0.96361707210424,0,-0.466109576906427,0,-3.54199122801969e-10,0,4.56867594419821e-13
0.1,0.061025641025641,0.121975540372546,0.0522403087500182,0.104433101848398,3.42091436152132,0.0305278328575158,0.0356558298402717,0.961061906536465,17.452393767952,0.961061906536465,0,-0.466537179444756,0,-3.54281072370736e-10,0,4.91022004924091e-13
0.1,0.0630769230769231,0.126070208113481,0.0539996628829945,0.107946846400996,3.42099216998902,0.0315542512338878,0.0368519429010812,0.958422181868537,16.3220546595299,0.958422181868537,0,-0.466980995297424,0,-3.56376549682135e-10,0,5.26254293497275e-13
0.1,0.0651282051282051,0.130164345381669,0.0557593514581621,0.111460924667738,3.42107243891054,0.0325806970352354,0.0380478191286474,0.95569818900071,15.2968327141863,0.95569818900071,0,-0.46744119169942,0,-3.52602169358979e-10,0,5.62812423246927e-13
0.1,0.0671794871794872,0.134257934949976,0.0575193852692324,0.114975347125304,3.42115515733955,0.0336071712148578,0.0392434510495517,0.952890228630266,14.3640873627403,0.952890228630266,0,-0.467917941412083,0,-3.53496934705974e-10,0,6.00010904224226e-13
0.1,0.0692307692307692,0.138350959593574,0.0592797751016716,0.118490124213663,3.4212403139714,0.034633674731875,0.0404388312123493,0.949998613220591,13.5130227634254,0.949998613220591,0,-0.468411424712464,0,-3.53655303339354e-10,0,6.39400067102787e-13
0.1,0.0712820512820513,0.142443402090012,0.0610405317326949,0.122005266335426,3.42132789714353,0.035660208551565,0.0416339521882537,0.947023667211263,12.7343739018385,0.947023667211263,0,-0.468921827900769,0,-3.54996892807114e-10,0,6.80246440688838e-13
0.1,0.0733333333333333,0.146535245219288,0.0628016659308412,0.125520783854362,3.42141789483407,0.036686773645477,0.0428288065718422,0.943965724488466,12.0201526826423,0.943965724488466,0,-0.4694493455441,0,-3.54593592830748e-10,0,7.21540555977579e-13
0.1,0.0753846153846154,0.150626471763921,0.0645631884557911,0.129036687094407,3.42151029466176,0.0377133709916729,0.0440233869817457,0.940825130908902,11.3634429836338,0.940825130908902,0,-0.469994177818395,0,-3.55148682421119e-10,0,7.64026995171997e-13
0.1,0.0774358974358974,0.154717064509028,0.0663251100578955,0.132552986338084,3.42160508388416,0.0387400015748199,0.0452176860613601,0.937602246551013,10.7582329028686,0.937602246551013,0,-0.470556531759178,0,-3.55007700837131e-10,0,8.08219615723556e-13
0.1,0.0794871794871795,0.158807006242388,0.0680874414781015,0.136069691825727,3.42170224939795,0.0397666663864948,0.0464116964795314,0.934297440988273,10.1992756468294,0.934297440988273,0,-0.471136622671309,0,-3.52468049924781e-10,0,8.53738680873666e-13
0.1,0.0815384615384615,0.162896279754523,0.0698501934475376,0.139586813754019,3.42180177773762,0.0407933664253074,0.0476054109312621,0.930911095841414,9.68197601463563,0.930911095841414,0,-0.471734672634091,0,-3.54144555482822e-10,0,9.00157566597287e-13
0.1,0.0835897435897436,0.166984867838765,0.0716133766872308,0.143104362274798,3.42190365507463,0.0418201026970985,0.0487988221384109,0.927443605748689,9.20229575500582,0.927443605748689,0,-0.47235091085816,0,-3.56773770101137e-10,0,9.50626292006579e-13
0.1,0.0856410256410256,0.171072753291331,0.0733770019079054,0.146622347494021,3.42200786721706,0.04284687621518,0.0499919228503865,0.923895377203345,8.75667430272942,0.923895377203345,0,-0.472985575114176,0,-3.57513406923779e-10,0,9.97067046489276e-13
0.1,0.0876923076923077,0.175159918911394,0.0751410798334039,0.150140779517849,3.42211439961117,0.0438736880143191,0.0511847058448122,0.920266829615515,8.34196265008011,0.920266829615515,0,-0.47363890979134,0,-3.5549974005742e-10,0,2.0973259246855e-13
0.1,0.0897435897435898,0.179246347501156,0.0769056211050669,0.153659668261305,3.42222323732849,0.0449005390955316,0.0523771639284063,0.916558395079797,7.95536750580285,0.916558395079797,0,-0.474311168001304,0,-3.59233710515406e-10,0,2.19463821506982e-13
0.1,0.0917948717948718,0.18333202186592,0.0786706364243922,0.157179023732176,3.42233436508372,0.0459274305093596,0.0535692899374065,0.91277051850877,7.59440414023349,0.91277051850877,0,-0.475002610095175,0,-3.56417818433276e-10,0,2.30415287824614e-13
0.1,0.0938461538461538,0.187416924814163,0.0804361364575171,0.160698855839874,3.42244776722123,0.0469543633007289,0.054761076738457,0.908903657562934,7.25685634875638,0.908903657562934,0,-0.475713505642975,0,-3.57615848746024e-10,0,2.4146919791925e-13
0.1,0.0958974358974359,0.191501039157607,0.0822021318586716,0.164219174441584,3.4225634277173,0.0479813385229537,0.0559525172292659,0.904958284064991,6.9407424650507,0.904958284064991,0,-0.476444131272571,0,-3.56828596335783e-10,0,2.51861647406774e-13
0.1,0.097948717948718,0.195584347711295,0.0839686332698603,0.167739989341005,3.42268133017898,0.0490083572379299,0.0571436043393111,0.900934882654209,6.64428607511481,0.900934882654209,0,-0.477194773614966,0,-3.57821168887111e-10,0,2.61090852951458e-13
0.1,0.1,0.199666833293656,0.0857356513205573,0.171261310287109,3.42280145784359,0.0500354205163294,0.0583343310305381,0.896833953473291,6.36589119490914,0.896833953473291,0,-0.477965724943873,0,-3.56717140955552e-10,0,2.74358484930121e-13
0.1,0.107954545454545,0.215489961173112,0.0925929490061023,0.184921397619079,3.42328801675986,0.0540186501146656,0.0629482416080995,0.880207643006305,5.43229686311249,0.880207643006305,0,-0.481153181177141,0,-3.61826725781347e-10,0,2.23650087611802e-13
0.1,0.115909090909091,0.231299454041693,0.0994587923009339,0.198589796274747,3.42380672107035,0.0580026305377028,0.0675562240760437,0.862455407991813,4.6843184261658,0.862455407991813,0,-0.484669758762947,0,-3.5372805151473e-10,0,2.57178599738242e-13
0.1,0.123863636363636,0.24709431156228,0.106333795087415,0.212267049007602,3.42435643352972,0.0619874283322788,0.0721578831989701,0.843612639104999,4.07585350927124,0.843612639104999,0,-0.488536627255401,0,-3.58164139227565e-10,0,2.93680483691127e-13
0.1,0.131818181818182,0.262873534323796,0.113218567667047,0.225953683334358,3.42493593093577,0.0659731124583761,0.0767528326440761,0.823718373370464,3.57427617282422,0.823718373370464,0,-0.49277730825001,0,-3.59186561524293e-10,0,3.3340841208527e-13
0.1,0.139772727272727,0.278636123904446,0.120113716447473,0.239650210371482,3.42554390313232,0.0699597544647861,0.0813406956044733,0.802815532533942,3.15597226538128,0.802815532533942,0,-0.497417852992714,0,-3.58752539380555e-10,0,3.76692033185024e-13
0.1,0.147727272727273,0.294381082934889,0.127019843611483,0.253357123640177,3.42617895196794,0.0739474286638336,0.0859211054243975,0.780951175289621,2.80350978977468,0.780951175289621,0,-0.502487029773823,0,-3.63103274358761e-10,0,4.25403121421827e-13
0.1,0.155681818181818,0.31010741516135,0.133937546771079,0.267074897846613,3.42683959021468,0.0779362123074695,0.0904937062262441,0.758176757466356,2.50379409491869,0.758176757466356,0,-0.508016512946776,0,-3.58940136243196e-10,0,4.69716158369153e-13
0.1,0.163636363636364,0.325814125508653,0.140867418605736,0.280803987636341,3.42752424045178,0.0819261857647223,0.0950581535393337,0.734548395841654,2.24683480574678,0.734548395841654,0,-0.514041067441689,0,-3.61014359488493e-10,0,5.22803005243165e-13
0.1,0.171590909090909,0.341500220143186,0.147810046484108,0.294544826322224,3.42823123391947,0.0859174327005573,0.0996141149302674,0.710127115997136,2.02490307546798,0.710127115997136,0,-0.520598737259205,0,-3.6406140914182e-10,0,5.76220500029043e-13
0.1,0.179545454545455,0.357164706535787,0.154766012068404,0.308297824585184,3.42895880935029,0.0899100402560974,0.104161270634645,0.68497911522223,1.83194440571829,0.68497911522223,0,-0.527730989547852,0,-3.54846199463222e-10,0,6.28939132824543e-13
0.1,0.1875,0.37280659352454,0.161735890900581,0.322063369147026,3.42970511178292,0.0939040992301528,0.108699314189941,0.659175952484853,1.66316160176559,0.659175952484853,0,-0.535482848283165,0,-3.58829808476546e-10,0,6.94259401548781e-13
0.1,0.195454545454545,0.388424891377497,0.168720251969735,0.335841821415131,3.43046819136582,0.097899704262064,0.113227953069242,0.632794731901215,1.51471430055402,0.632794731901215,0,-0.543902963027515,0,-3.60849322665939e-10,0,7.58656651907369e-13
0.1,0.203409090909091,0.404018611855301,0.175719657259954,0.349633516098691,3.4312460021596,0.101896954015723,0.117746909315454,0.605918192239408,1.38349886792755,0.605918192239408,0,-0.553043601586223,0,-3.66327192849577e-10,0,8.24799236116845e-13
0.1,0.211363636363636,0.419586768273711,0.182734661278066,0.363438759796553,3.43203640094528,0.10589595136475,0.122255920175597,0.578634716398277,1.26698518514569,0.578634716398277,0,-0.562960547408961,0,-3.50951394049742e-10,0,8.93842702851282e-13
0.1,0.219318181818182,0.435128375566041,0.189765810560507,0.377257829556493,3.43283714604624,0.109896803578637,0.126754738734751,0.57371287232215,1.24750622418786,-0.57371287232215,0,0.551038200402848,0,-3.59375403246042e-10,0,9.71562558875214e-13
0.1,0.227272727272727,0.450642450345487,0.196813643162582,0.3910909714137,3.43364589617882,0.113899622511724,0.131243134548903,0.585362523858056,1.29433466645305,-0.585362523858056,0,0.52322777272321,0,-3.60165955870645e-10,0,2.09067400790909e-13
0.1,0.235227272727273,0.466128010967347,0.203878688108505,0.404938398867612,3.43446020932748,0.117904524783213,0.135720894276607,0.597973722617179,1.34798865353065,-0.597973722617179,0,0.495307318544945,0,-3.64697594673671e-10,0,2.2331324130102e-13
0.1,0.243181818181818,0.481584077591141,0.210961464853919,0.418800291400177,3.43527754168228,0.121911631976928,0.140187822307745,0.611612125161222,1.4098186520738,-0.611612125161222,0,0.467384762782056,0,-3.45497866869222e-10,0,2.38994560251158e-13
0.1,0.251136363636364,0.497009672242602,0.218062482691562,0.432676792901162,3.43609524661855,0.125921070822166,0.144643741389796,0.626343704040105,1.48153954401671,-0.626343704040105,0,0.439571095820628,0,-3.55837511754132e-10,0,2.56967830007011e-13
0.1,0.259090909090909,0.512403818875562,0.225182240151373,0.446568010103093,3.43691057375243,0.129932973384154,0.149088493249948,0.642233354397126,1.56536044797858,-0.642233354397126,0,0.411979115711259,0,-3.4363451569487e-10,0,2.75268163924117e-13
0.1,0.267045454545455,0.527765543433711,0.232321224374443,0.46047401098733,3.43772066807962,0.133947477252292,0.153521939212278,0.659343195377889,1.66417457763603,-0.659343195377889,0,0.38472189387998,0,-3.486286886547e-10,0,2.9332868034272e-13
0.1,0.275,0.543093873912226,0.239479910464178,0.474394823169961,3.43852256920923,0.137964725727846,0.157943960809053,0.677730618319246,1.78184467812517,-0.677730618319246,0,0.357910952508185,0,-3.45429439553485e-10,0,3.12391469610417e-13
0.1,0.282954545454545,0.558387840419276,0.24665876081474,0.488330432269857,3.43931321070994,0.141984868010627,0.162354460384843,0.697446070655072,1.92364503229204,-0.697446070655072,0,0.331654254739867,0,-3.4189097637238e-10,0,3.3271120466553e-13
0.1,0.290909090909091,0.573646475237395,0.253858224417052,0.502280780261742,3.44008941958225,0.146008059384322,0.166753361692283,0.718530758434662,2.09697160477505,-0.718530758434662,0,0.306054035887055,0,-3.47911314763162e-10,0,3.50028249247663e-13
0.1,0.298863636363636,0.588868812884706,0.261078736142777,0.51624576381748,3.44084791587383,0.150034461400011,0.17114061047803,0.741014253486939,2.31253011161983,-0.741014253486939,0,0.281204616662673,0,-3.46802579390876e-10,0,3.72511789935918e-13
0.1,0.306818181818182,0.604053890176021,0.268320716006682,0.530225232638942,3.441585312455,0.154064242057308,0.175516175057456,0.764912242226175,2.58642636256334,-0.764912242226175,0,0.25719032550148,0,-3.46851229627514e-10,0,3.94315346228293e-13
0.1,0.314772727272727,0.619200746283776,0.275584568408284,0.544218987786803,3.44229811497097,0.158097575982722,0.179880046876474,0.790224505535533,2.94407284360658,-0.790224505535533,0,0.234083663708723,0,-3.32821485613391e-10,0,4.16280117640298e-13
0.1,0.322727272727273,0.634308422798834,0.282870681353423,0.558226780009255,3.44298272199037,0.162134644604475,0.184232241058748,0.816933257806048,3.42806355401811,-0.816933257806048,0,0.211943860800277,0,-3.30392096884232e-10,0,4.40486714980996e-13
0.1,0.330681818181818,0.649375963791127,0.290179425657052,0.572248308075963,3.44363542536799,0.166175636323294,0.188572796936463,0.845002000509665,4.11567791092296,-0.845002000509665,0,0.190815917007475,0,-3.22480617002255e-10,0,4.61851537456412e-13
0.1,0.338636363636364,0.664402415870138,0.297511154128365,0.586283217122357,3.44425241084185,0.170220746678394,0.192901778562665,0.874374897213415,5.16325936438264,-0.874374897213415,0,0.170730209377345,0,-3.15220942977373e-10,0,4.92132587546326e-13
0.1,0.346590909090909,0.67938682824523,0.304866200739793,0.600331097010154,3.44482975888485,0.17427017850789,0.197219275203068,0.904976755395408,6.94216132769935,-0.904976755395408,0,0.151702672771456,0,-3.12122521244777e-10,0,5.11396284884827e-13
0.1,0.354545454545454,0.694328252785805,0.312244879781658,0.614391480710639,3.44536344582989,0.178324142102997,0.201525401805197,0.936713500599275,10.6021786854395,-0.936713500599275,0,0.133735519078064,0,-3.00450353362546e-10,0,5.38511543884999e-13
0.1,0.3625,0.709225744081297,0.319647485004247,0.628463842717161,3.44584934529213,0.182382855354891,0.205820299442363,0.969473117047431,22.3577593639371,-0.969473117047431,0,0.116818403787661,0,-2.83129050863883e-10,0,5.64392930997321e-13
0.1,0.370454545454545,0.724078359500994,0.327074288749798,0.642547597494766,3.44628322990619,0.186446543893683,0.210104135730221,1.00312692476972,NaN,-1.00312692476972,0,0.100929939672402,0,-2.79152554594088e-10,0,5.91171131078539e-13
0.1,0.378409090909091,0.738885159253678,0.334525541076496,0.656642097974075,3.4466607734021,0.190515441218174,0.214377105213156,1.03753103806457,NaN,-1.03753103806457,0,0.0860394094081904,0,-2.88540739407935e-10,0,6.1892395631477e-13
0.1,0.386363636363636,0.753645206447096,0.342001468877561,0.670746634098485,3.44697755303914,0.194589788815741,0.218639429717963,1.07252789904299,NaN,-1.07252789904299,0,0.0721085614998715,0,-2.58474920818124e-10,0,6.47152224822274e-13
0.1,0.394318181818182,0.768357567147234,0.349502274998145,0.684860431432889,3.44722905241998,0.198669836270993,0.222891358671928,1.10794781201109,NaN,-1.10794781201109,0,0.0590933745008023,0,-2.35981585962665e-10,0,6.70682572867838e-13
0.1,0.402272727272727,0.783021310437417,0.357028137353484,0.698982649843577,3.44741066470449,0.202755841362315,0.227133169382516,1.143610311099,NaN,-1.143610311099,0,0.0469456980152929,0,-2.2416638729156e-10,0,7.08101946645126e-13
0.1,0.410227272727273,0.797635508477212,0.364579208051809,0.713112382258864,3.44751769624347,0.206848070145048,0.231365167275673,1.17932531773612,NaN,-1.17932531773612,0,0.0356147094831311,0,-2.37793894403028e-10,0,7.46379749586367e-13
0.1,0.418181818181818,0.812199236561133,0.372155612525829,0.727248653520539,3.44754537065255,0.210946797020074,0.235587686089654,1.21489410959666,NaN,-1.21489410959666,0,0.0250481554545247,0,-2.11702076651959e-10,0,7.72342897676359e-13
0.1,0.426136363636364,0.826711573177153,0.379757448676986,0.741390419336717,3.44748883334132,0.215052304786774,0.239801088021481,1.25011014993478,NaN,-1.25011014993478,0,0.0151933802868957,0,-2.99530276582521e-10,0,8.05926782424762e-13
0.1,0.434090909090909,0.841171600065014,0.387384786036796,0.755536565346768,3.44734315651979,0.219164884678759,0.244005763822539,1.28475947957624,NaN,-1.28475947957624,0,0.00599809770123198,0,6.2849687518392e-11,0,8.39736571795314e-13
0.1,0.442045454545455,0.855578402274325,0.395037664950071,0.76968590630959,3.44710334469022,0.223284836381591,0.248202132840671,1.31862108334411,NaN,-1.31862108334411,0,-0.00258901198960154,0,-6.88770703892215e-10,0,8.75949970769601e-13
0.1,0.45,0.86993106822246,0.402716095784764,0.783837185426139,3.44676434064633,0.227412468030569,0.252390643005008,1.35146691475814,NaN,-1.35146691475814,0,-0.0106179273338755,0,-2.81971613553907e-10,0,9.10578477177224e-13
0.15,0.02,0.0399973333866662,0.016039910068499,0.0320784445788761,3.40325397513618,0.00942581564973931,0.0117526736702234,0.996786923387329,215.380178936216,0.996786923387329,0,-0.895283306039251,0,-5.32151116105774e-11,0,4.6012397856498e-13
0.15,0.0220512820512821,0.044098989977715,0.0176855022257456,0.0353691606076155,3.40328367033569,0.0103926572198217,0.0129577767384184,0.996095003033736,177.15581732252,0.996095003033736,0,-0.895529886372782,0,-5.31792455451288e-11,0,5.33085417758473e-13
0.15,0.0241025641025641,0.0482004610109486,0.0193312328850373,0.0386600578099595,3.40331625068439,0.0113595255222565,0.0141627922474897,0.995335878236553,148.265738912131,0.995335878236553,0,-0.895800697353472,0,-5.35803155979802e-11,0,6.11955564409605e-13
0.15,0.0261538461538462,0.0523017292283753,0.0209771149266913,0.0419511530024031,3.40335171284622,0.0123264230505637,0.0153677120795239,0.994509645920868,125.901283030288,0.994509645920868,0,-0.896095786250624,0,-5.22716513503832e-11,0,6.96584865318219e-13
0.15,0.0282051282051282,0.0564027773728568,0.0226231612309545,0.0452424629933841,3.40339005318751,0.0132933523006014,0.0165725281238428,0.993616409254764,108.235703509505,0.993616409254764,0,-0.896415204752048,0,-5.43316835892629e-11,0,7.87180619252051e-13
0.15,0.0302564102564103,0.0605035881881807,0.0242693846774197,0.0485340045814399,3.40343126777622,0.0142603157704289,0.0177772322776224,0.992656278175751,94.0393618417952,0.992656278175751,0,-0.89675900904769,0,-5.2554882699651e-11,0,8.83680622916877e-13
0.15,0.0323076923076923,0.0646041444191334,0.0259157981449901,0.0518257945544618,3.40347535238195,0.0152273159604905,0.0189818164465095,0.991629370508203,82.4599963284935,0.991629370508203,0,-0.897127259740496,0,-5.26190970057827e-11,0,9.85957810432957e-13
0.15,0.0343589743589744,0.0687044288115725,0.0275624143134939,0.0551178492923986,3.40352230248194,0.0161943552572595,0.0201862725452016,0.990535811695906,72.8918236015469,0.990535811695906,0,-0.897520021412482,0,-5.50297372227668e-11,0,2.18762620739888e-13
0.15,0.0364102564102564,0.0728044241124992,0.0292092464607908,0.0584101863602067,3.40357211323419,0.0171614364017995,0.0213905924982204,0.989375734364458,64.894700447035,0.989375734364458,0,-0.8979373636059,0,-5.32047060126052e-11,0,2.41741423114418e-13
0.15,0.0384615384615385,0.0769041130701315,0.0308563072607447,0.0617028221039771,3.40362477951714,0.0181285617836907,0.0225947682402998,0.988149279924704,58.1426165701084,0.988149279924704,0,-0.898379359517709,0,-5.37331121386397e-11,0,2.65664170849455e-13
0.15,0.0405128205128205,0.081003478433976,0.0325036095888634,0.0649957732609802,3.40368029590223,0.0190957339146189,0.0237987917171592,0.986856597750017,52.3899342694051,0.986856597750017,0,-0.898846087180053,0,-5.46297583839803e-11,0,2.90744998883986e-13
0.15,0.0425641025641026,0.0851025029549013,0.0341511663032731,0.0682890565210923,3.40373865666118,0.0200629552998874,0.0250026548860777,0.985497845403235,47.4487342658667,0.985497845403235,0,-0.899337628683349,0,-5.48695864988818e-11,0,2.09239166178217e-13
0.15,0.0446153846153846,0.08920116938521,0.0357989902359108,0.0715826885085229,3.403799855759,0.021030228433499,0.0262063497165638,0.984073188425904,43.173273888004,0.984073188425904,0,-0.899854070441275,0,-5.45259571792114e-11,0,3.88171243660641e-13
0.15,0.0466666666666667,0.0932994604787113,0.0374470944128442,0.074876686221484,3.40386388686869,0.0219975559276447,0.0274098681908636,0.98258280097314,39.4491193047616,0.98258280097314,0,-0.900395503341667,0,-5.42269161631417e-11,0,2.65970056342274e-13
0.15,0.0487179487179487,0.0973973589907941,0.039095491586333,0.078171066096227,3.40393074335486,0.0229649402382326,0.0286132023046981,0.981026865524086,36.1854073815575,0.981026865524086,0,-0.900962022356263,0,-5.55931885739454e-11,0,2.89173160341504e-13
0.15,0.0507692307692308,0.101494847678499,0.0407441946480855,0.0814658448323617,3.40400041827923,0.0239323839077387,0.0298163440678441,0.979405571805549,33.3092492211483,0.979405571805549,0,-0.901553727547574,0,-5.71162832440123e-11,0,3.1691964686481e-13
0.15,0.0528205128205128,0.105591909300591,0.0423932164661415,0.0847610390661454,3.40407290440085,0.0248998894696306,0.0310192855047491,0.977719120026811,30.7616313817134,0.977719120026811,0,-0.902170722218766,0,-5.54176122598646e-11,0,3.43999607221367e-13
0.15,0.0548717948717949,0.109688526617631,0.0440425699070243,0.0880566654140778,3.40414819417449,0.0258674594615971,0.0322220186551634,0.975967717173861,28.4943574968268,0.975967717173861,0,-0.902813114656143,0,-5.51901173030738e-11,0,3.72713433550716e-13
0.15,0.0569230769230769,0.113784682392053,0.0456922678356636,0.0913527404720656,3.40422627975012,0.0268350964257203,0.0334245355747635,0.974151579232002,26.4677562422822,0.974151579232002,0,-0.9034810175711,0,-5.54962421372358e-11,0,4.02335277081972e-13
0.15,0.058974358974359,0.117880359388228,0.0473423231153511,0.0946492808146517,3.40430715297216,0.0278028029086675,0.034626828335778,0.972270930887036,24.6489333794374,0.972270930887036,0,-0.904174547739647,0,-5.62503883768213e-11,0,4.32969026419199e-13
0.15,0.061025641025641,0.121975540372546,0.0489927486075911,0.0979463029940351,3.40439080537866,0.0287705814618251,0.0358288890276153,0.970326005416255,23.0104283510154,0.970326005416255,0,-0.904893826363003,0,-5.51595716087002e-11,0,4.6514121182563e-13
0.15,0.0630769230769231,0.126070208113481,0.0506435571720815,0.101243823539349,3.40447722820065,0.0297384346415083,0.0370307097574896,0.968317042705361,21.529170343778,0.968317042705361,0,-0.905638979926994,0,-5.69708796487326e-11,0,4.98293610452753e-13
0.15,0.0651282051282051,0.130164345381669,0.0522947616665719,0.104541858955692,3.40456641236135,0.0307063650091008,0.0382322826510496,0.966244295164384,20.1856662689195,0.966244295164384,0,-0.906410137497412,0,-5.74413982970764e-11,0,5.34517737667138e-13
0.15,0.0671794871794872,0.134257934949976,0.0539463749468858,0.107840425723493,3.40465834847552,0.0316743751312904,0.0394335998530049,0.964108019024957,18.9633497927321,0.964108019024957,0,-0.907207434492104,0,-5.99623498669806e-11,0,5.67998304638226e-13
0.15,0.0692307692307692,0.138350959593574,0.0555984098665971,0.111139540297173,3.40475302684799,0.0326424675801119,0.0406346535277641,0.961908483619173,17.8480744478964,0.961908483619173,0,-0.908031009143318,0,-5.77015459207481e-11,0,6.04980728240186e-13
0.15,0.0712820512820513,0.142443402090012,0.0572508792771905,0.114439219104785,3.40485043747374,0.03361064493326,0.0418354358600549,0.959645964303885,16.8276980259184,0.959645964303885,0,-0.908881004870973,0,-5.98299947200238e-11,0,6.42673096230452e-13
0.15,0.0733333333333333,0.146535245219288,0.0589037960277773,0.117739478546755,3.40495057003611,0.0345789097741605,0.0430359390555657,0.957320745028265,15.8917524565334,0.957320745028265,0,-0.909757569986619,0,-5.73169694182116e-11,0,6.82111444707454e-13
0.15,0.0753846153846154,0.150626471763921,0.0605571729652018,0.121040334995411,3.40505341390695,0.0355472646922534,0.0442361553415672,0.9549331217182,15.0311754121704,0.9549331217182,0,-0.910660855307507,0,-6.09918531624076e-11,0,7.22542936439704e-13
0.15,0.0774358974358974,0.154717064509028,0.0622110229336342,0.12434180479348,3.40515895814431,0.0365157122830008,0.0454360769675619,0.952483394663885,14.2380871489828,0.952483394663885,0,-0.911591018642359,0,-5.97918966687879e-11,0,7.63556031953747e-13
0.15,0.0794871794871795,0.158807006242388,0.0638653587747332,0.127643904253722,3.40526719149265,0.0374842551482051,0.0466356962059053,0.94997187515659,13.5056121455492,0.94997187515659,0,-0.912548220453368,0,-5.89386322129558e-11,0,8.06753000089782e-13
0.15,0.0815384615384615,0.162896279754523,0.065520193327415,0.130946649657782,3.40537810238137,0.0384528958961155,0.0478350053524482,0.947398884243201,12.8277289053405,0.947398884243201,0,-0.913532625991533,0,-5.82574715681437e-11,0,8.50493395661945e-13
0.15,0.0835897435897436,0.166984867838765,0.0671755394277771,0.134250057255343,3.40549167892374,0.0394216371416215,0.0490339967271739,0.944764748918779,12.1991448402572,0.944764748918779,0,-0.914544405815942,0,-5.92943328181002e-11,0,8.92896668789803e-13
0.15,0.0856410256410256,0.171072753291331,0.0688314099089553,0.137554143263153,3.40560790891614,0.0403904815064077,0.0502326626748338,0.942069808289924,11.6151942842009,0.942069808289924,0,-0.915583733736469,0,-6.1351341101991e-11,0,9.41632811684059e-13
0.15,0.0876923076923077,0.175159918911394,0.070487817601008,0.140858923864099,3.40572677983665,0.0413594316191315,0.0514309955655911,0.939314409470587,11.0717505479625,0.939314409470587,0,-0.916650788362238,0,-6.20313661073377e-11,0,9.88965573028124e-13
0.15,0.0897435897435898,0.179246347501156,0.0721447753533897,0.144164415251343,3.40584827884824,0.0423284901287779,0.0526289877955961,0.936498907459354,10.5651529024701,0.936498907459354,0,-0.917745752959523,0,-6.30536868250339e-11,0,2.08011730045603e-13
0.15,0.0917948717948718,0.18333202186592,0.0738022959446256,0.147470633447443,3.40597239278162,0.0432976596521986,0.0538266317878739,0.933623667429636,10.0921452267418,0.933623667429636,0,-0.918868814982011,0,-6.2595025142187e-11,0,2.17327645858089e-13
0.15,0.0938461538461538,0.187416924814163,0.0754603922172539,0.150777594572856,3.40609910815775,0.0442669428531123,0.0550239199926072,0.930689064106746,9.64982338128753,0.930689064106746,0,-0.920020166183363,0,-6.2621778006424e-11,0,2.30335811270329e-13
0.15,0.0958974358974359,0.191501039157607,0.077119076987846,0.154085314665732,3.40622841117133,0.0452363423898358,0.0562208448880134,0.927695477474313,9.23558993389384,0.927695477474313,0,-0.921200004337787,0,-6.22953246942331e-11,0,2.37859121956333e-13
0.15,0.097948717948718,0.195584347711295,0.0787783630691781,0.157393809725455,3.40636028769303,0.046205860928484,0.0574173989809384,0.924643302270245,8.84711732961862,0.924643302270245,0,-0.92240852871878,0,-6.32430566634931e-11,0,2.48480897686159e-13
0.15,0.1,0.199666833293656,0.0804382632702144,0.160703095711904,3.40649472326861,0.0471755011432121,0.0586135748074993,0.923645945718502,8.7269055170533,-0.923645945718502,0,0.921532938133426,0,-6.33344894250878e-11,0,2.59603522821668e-13
0.15,0.107954545454545,0.215489961173112,0.0868811375898482,0.173543755110088,3.40703996765828,0.0509368122350991,0.0632484394719977,0.928721647602016,9.37366732048051,-0.928721647602016,0,0.908928847159789,0,-6.35452400029283e-11,0,2.15018214052262e-13
0.15,0.115909090909091,0.231299454041693,0.0933341853838289,0.186397469021444,3.40762255741762,0.054700151170117,0.0678770756280524,0.934247898613749,10.1913236237015,-0.934247898613749,0,0.895481329592336,0,-6.60339723937126e-11,0,2.47735502833832e-13
0.15,0.123863636363636,0.24709431156228,0.099798151650636,0.199265149332152,3.40824150854969,0.0584656776323769,0.0724990617426715,0.94023852870023,11.2484300717016,-0.94023852870023,0,0.881217749751261,0,-7.29298161626162e-11,0,2.84939638802435e-13
0.15,0.131818181818182,0.262873534323796,0.106273780145504,0.212147696683939,3.40889576058262,0.0622335534975939,0.0771139843474909,0.946708327531057,12.6569329430448,-0.946708327531057,0,0.86616760576592,0,-7.19154369108025e-11,0,3.1968314328258e-13
0.15,0.139772727272727,0.278636123904446,0.112761813211008,0.225045999514001,3.40958417525064,0.066003942987405,0.0817214386220464,0.953673013820777,14.6127473210001,-0.953673013820777,0,0.85036254662942,0,-7.27328047357019e-11,0,3.55944061608117e-13
0.15,0.147727272727273,0.294381082934889,0.119262991585875,0.2379609330484,3.4103055350993,0.0697770128216595,0.0863210289826181,0.961149203304536,17.4923980030339,-0.961149203304536,0,0.833836369660688,0,-7.72605869294774e-11,0,3.98729323859295e-13
0.15,0.155681818181818,0.31010741516135,0.125778054194472,0.250893358254012,3.41105854201833,0.0735529323708289,0.0909123696768508,0.969154345258825,22.1230858697973,-0.969154345258825,0,0.816625027266213,0,-8.0490267915338e-11,0,4.44458248022868e-13
0.15,0.163636363636364,0.325814125508653,0.132307737915334,0.263844120745953,3.41184181570307,0.0773318738083358,0.0954950853844064,0.977706650850611,30.744230391943,-0.977706650850611,0,0.798766626156304,0,-7.46388536046172e-11,0,4.97547608945442e-13
0.15,0.171590909090909,0.341500220143186,0.138852777327573,0.276814049648488,3.41265389204914,0.0811140122628359,0.100068811823789,0.986825015495008,52.2635139058938,-0.986825015495008,0,0.780301371062132,0,-8.02798645126368e-11,0,5.48828165211164e-13
0.15,0.179545454545455,0.357164706535787,0.145413904433645,0.289803956406791,3.41349322148436,0.0848995259702813,0.104633196365474,0.996528902575398,199.344301833426,-0.996528902575398,0,0.761271540068303,0,-8.49848743322376e-11,0,5.98518015809347e-13
0.15,0.1875,0.37280659352454,0.151991848357087,0.30281463354723,3.41435816724193,0.0886885964256759,0.109187898651443,1.00683821453656,NaN,-1.00683821453656,0,0.741721405348504,0,-8.44294957166943e-11,0,6.5989663983983e-13
0.15,0.195454545454545,0.388424891377497,0.158587335013701,0.315846853383794,3.41524700357917,0.0924814085343715,0.1137325912212,1.01777312611117,NaN,-1.01777312611117,0,0.721697161211078,0,-9.58136142245253e-11,0,7.2547173054752e-13
0.15,0.203409090909091,0.404018611855301,0.165201086754847,0.328901366668597,3.41615791394926,0.0962781507627584,0.118266960144191,1.0293539027095,NaN,-1.0293539027095,0,0.701246797263366,0,-8.57354204896137e-11,0,7.81717555423168e-13
0.15,0.211363636363636,0.419586768273711,0.171833821981094,0.34197890118387,3.41708898912867,0.100079015288119,0.122790705658708,1.04160067559107,NaN,-1.04160067559107,0,0.680419960931573,0,-9.3494685581991e-11,0,8.42114100707396e-13
0.15,0.219318181818182,0.435128375566041,0.178486254725103,0.355080160274071,3.41803822531114,0.103884198147535,0.127303542817,1.05453318646517,NaN,-1.05453318646517,0,0.659267788146422,0,-8.61453995814729e-11,0,9.15579441548811e-13
0.15,0.227272727272727,0.450642450345487,0.185159094201893,0.36820582131551,3.41900352217143,0.107693899385532,0.131805202136581,1.06817049427359,NaN,-1.06817049427359,0,0.637842703222533,0,-1.07789364478244e-10,0,9.79133679543421e-13
0.15,0.235227272727273,0.466128010967347,0.191853044328523,0.38135653412869,3.41998268091207,0.111508323202089,0.136295430257277,1.0825306455002,NaN,-1.0825306455002,0,0.616198177992652,0,-1.12906269213793e-10,0,2.11433022966751e-13
0.15,0.243181818181818,0.481584077591141,0.198568803191701,0.394532919292426,3.42097340228864,0.115327678089658,0.140773990604241,1.09763030858721,NaN,-1.09763030858721,0,0.594388470958246,0,-1.09024032590614e-10,0,2.26962295194503e-13
0.15,0.251136363636364,0.497009672242602,0.205307062511597,0.407735566456119,3.42197328465282,0.119152176986527,0.145240664055338,1.1134843670036,NaN,-1.1134843670036,0,0.57246831654654,0,-1.08065550560584e-10,0,2.50092630216016e-13
0.15,0.259090909090909,0.512403818875562,0.212068507034316,0.420965032519089,3.42297982198594,0.122982037409398,0.14969524961391,1.13010546541193,NaN,-1.13010546541193,0,0.550492618027244,0,-1.14305044059681e-10,0,2.58924810706292e-13
0.15,0.267045454545455,0.527765543433711,0.218853813900916,0.434221839772949,3.42399040196163,0.12681748159229,0.154137565085273,1.14750356947431,NaN,-1.14750356947431,0,0.528516051860677,0,-1.07582945416862e-10,0,2.84021455385253e-13
0.15,0.275,0.543093873912226,0.225663651972287,0.447506473968364,3.42500230404217,0.130658736620474,0.158567447756537,1.16568542305859,NaN,-1.16568542305859,0,0.50659272783394,0,-1.12944859706182e-10,0,2.93449322669259e-13
0.15,0.282954545454545,0.558387840419276,0.232498681111383,0.460819382311404,3.42601269761946,0.134506034560701,0.162984755079065,1.18465405134056,NaN,-1.18465405134056,0,0.484775763389648,0,-1.04056112785156e-10,0,3.06552541495859e-13
0.15,0.290909090909091,0.573646475237395,0.239359551422085,0.474160971390464,3.4270186402205,0.138359612587329,0.167389365352412,1.20440819950056,NaN,-1.20440819950056,0,0.46311690050811,0,-1.12461586273632e-10,0,3.31360528553042e-13
0.15,0.298863636363636,0.588868812884706,0.246246902443278,0.487531605033668,3.42801707578904,0.142219713103807,0.171781178408851,1.22494180748876,NaN,-1.22494180748876,0,0.441666075474259,0,-1.10865351076654e-10,0,3.51070963888506e-13
0.15,0.306818181818182,0.604053890176021,0.253161362297266,0.500931602097927,3.4290048330635,0.146086583858907,0.176160116297169,1.24624343685847,NaN,-1.24624343685847,0,0.420471039286837,0,-1.0833999768691e-10,0,3.70948461466445e-13
0.15,0.314772727272727,0.619200746283776,0.260103546791781,0.51436123419124,3.42997862406816,0.1499604780572,0.180526123964401,1.26829575707207,NaN,-1.26829575707207,0,0.399576965223642,0,-1.16110056701925e-10,0,3.98730884543217e-13
0.15,0.322727272727273,0.634308422798834,0.267074058474721,0.52782072332999,3.43093504273831,0.153841654463013,0.184879169933971,1.29107500630444,NaN,-1.29107500630444,0,0.379026103180928,0,-1.00457463033714e-10,0,4.13787285909974e-13
0.15,0.330681818181818,0.649375963791127,0.274073485641278,0.541310239534073,3.43187056369844,0.157730377497313,0.189219246978625,1.31455052326791,NaN,-1.31455052326791,0,0.358857455150927,0,-1.07751491066011e-10,0,4.41879403509805e-13
0.15,0.338636363636364,0.664402415870138,0.281102401293111,0.554829898363092,3.43278154121939,0.161626917326643,0.193546372786114,1.33868430653464,NaN,-1.33868430653464,0,0.339106497474362,0,-1.02878002576196e-10,0,4.57829917639225e-13
0.15,0.346590909090909,0.67938682824523,0.288161362049533,0.568379758397589,3.4336642083733,0.16553154994351,0.197860590615845,1.36343055877442,NaN,-1.36343055877442,0,0.319804986124348,0,-1.19773681982603e-10,0,4.81417386697485e-13
0.15,0.354545454545454,0.694328252785805,0.295250907010929,0.581959818670076,3.43451467641663,0.169444557237198,0.202161969943953,1.38873539576263,NaN,-1.38873539576263,0,0.300980763653092,0,-1.01657914978244e-10,0,5.05520558439176e-13
0.15,0.3625,0.709225744081297,0.302371556574947,0.595570016051521,3.43532893442152,0.173366227054415,0.206450607094696,1.41453649247363,NaN,-1.41453649247363,0,0.282657675066945,0,-1.0656872278441e-10,0,5.23450495971411e-13
0.15,0.370454545454545,0.724078359500994,0.309523811206274,0.609210222599624,3.43610284918904,0.177296853248559,0.210726625855185,1.44076286053195,NaN,-1.44076286053195,0,0.264855514569053,0,-1.1640864750719e-10,0,5.55650656687644e-13
0.15,0.378409090909091,0.738885159253678,0.316708150161334,0.622880242876546,3.43683216546757,0.181236735717004,0.214990178070902,1.46733463748653,NaN,-1.46733463748653,0,0.247590050057136,0,-9.7875510280669e-11,0,5.88281635662692e-13
0.15,0.386363636363636,0.753645206447096,0.323925030169329,0.636579811244102,3.43751250650984,0.18518618042511,0.21924144421871,1.49416290832763,NaN,-1.49416290832763,0,0.230873101899649,0,-9.93627691042567e-11,0,6.08392518160464e-13
0.15,0.394318181818182,0.768357567147234,0.331174884071852,0.650308589146158,3.43813937499573,0.189145499416226,0.223480633954284,1.52114966305641,NaN,-1.52114966305641,0,0.214712645301653,0,-1.1110741998755e-10,0,6.44206070554612e-13
0.15,0.402272727272727,0.783021310437417,0.338458119423546,0.664066162388664,3.43870815435645,0.193115010806418,0.227707986630217,1.54818762542208,NaN,-1.54818762542208,0,0.199113006247844,0,-1.06449519708204e-10,0,6.64957286097407e-13
0.15,0.410227272727273,0.797635508477212,0.345775117056711,0.677852038428698,3.43921411052685,0.197095038763044,0.231923771781404,1.57516029522619,NaN,-1.57516029522619,0,0.184075037968269,0,-1.091132298472e-10,0,6.94071626362048e-13
0.15,0.418181818181818,0.812199236561133,0.353126229613648,0.691665643685754,3.43965239416363,0.201085913465956,0.236128289573466,1.6019418494846,NaN,-1.6019418494846,0,0.169596371509772,0,-9.75354975547066e-11,0,7.24835597359375e-13
0.15,0.426136363636364,0.826711573177153,0.360511780050578,0.705506320888629,3.44001804335823,0.205087971050261,0.240321871210331,1.62839714832029,NaN,-1.62839714832029,0,0.155671652013073,0,-7.33915719014806e-11,0,7.56105629707433e-13
0.15,0.434090909090909,0.841171600065014,0.367932060118203,0.719373326473695,3.44030598687849,0.209101553529664,0.244504879296576,1.65438171080887,NaN,-1.65438171080887,0,0.142292800766056,0,-7.46935816446637e-11,0,7.87846999399176e-13
0.15,0.442045454545455,0.855578402274325,0.375387328823826,0.733265828050055,3.44051104797193,0.213127008698982,0.248677708149974,1.67974168053854,NaN,-1.67974168053854,0,0.129449271198742,0,-6.5387195833168e-11,0,8.20305865338462e-13
0.15,0.45,0.86993106822246,0.382877810881609,0.747182901950122,3.44062794876026,0.21716469001519,0.252840784059758,1.70431378121998,NaN,-1.70431378121998,0,0.117128301596844,0,-6.13720221567264e-11,0,8.47347852932757e-13
