beta,alpha_p,legacy_alpha_rounding,rho_difference,q_over_T_difference,fixed_point_residual
0,0.02,0,-2.52491988761427e-07,-1.54660599488779e-07,6.15126526852752e-13
0,0.0220512820512821,2.82051282052276e-07,-3.43998271312707e-07,6.71513477462637e-08,7.10305307154563e-13
0,0.0241025641025641,4.35897435896448e-07,3.37289983498579e-07,2.16016425367074e-07,8.12657614639341e-13
0,0.0261538461538462,1.53846153847642e-07,-4.05207248088679e-07,2.85185592941231e-07,9.22212593330935e-13
0,0.0282051282051282,1.28205128204634e-07,1.22823144654838e-07,2.67919607541134e-07,2.07828815291071e-13
0,0.0302564102564103,4.1025641025691e-07,3.3766207607755e-07,1.57489803292304e-07,2.32604226553316e-13
0,0.0323076923076923,3.07692307695284e-07,1.71779055979648e-07,-5.28210067421431e-08,2.58890093371599e-13
0,0.0343589743589744,2.56410256360695e-08,-1.90523322673997e-07,-3.6971774854469e-07,2.8674421711779e-13
0,0.0364102564102564,2.56410256416206e-07,3.60107325514392e-07,2.0010775255222e-07,3.15616922222547e-13
0,0.0384615384615385,4.61538461539457e-07,4.32571231168133e-07,-3.50022402308831e-07,3.46541142842963e-13
0,0.0405128205128205,1.79487179487181e-07,-4.05144242265898e-07,-2.67713582378926e-08,3.78268476218695e-13
0,0.0425641025641026,1.02564102565095e-07,-3.48569326957815e-07,1.63213320615585e-07,2.6850214629461e-13
0,0.0446153846153846,3.84615384610432e-07,-3.10317379015324e-07,2.13300478821288e-07,4.68347008225212e-13
0,0.0466666666666667,3.33333333331354e-07,-2.29913503457801e-07,1.16876153439388e-07,3.032707384077e-13
0,0.0487179487179487,5.1282051272139e-08,1.06421970569315e-07,-1.326555277327e-07,3.33029963676767e-13
0,0.0507692307692308,2.30769230766259e-07,4.58846520334788e-07,4.58128414180387e-07,3.63878513707258e-13
0,0.0528205128205128,4.87179487175526e-07,2.68526166968819e-07,-1.17329353965107e-07,3.96825938858629e-13
0,0.0548717948717949,2.05128205123251e-07,-2.72852915039756e-07,1.3443434647431e-07,4.30732523418787e-13
0,0.0569230769230769,7.69230769220863e-08,2.17214173092728e-07,2.06904017370502e-07,4.6473126480184e-13
0,0.058974358974359,3.58974358974362e-07,-1.53974383243494e-08,9.35863012641036e-08,5.02958666039029e-13
0,0.061025641025641,3.58974358974362e-07,2.38814747977045e-08,-2.11989202462959e-07,5.41610008001062e-13
0,0.0630769230769231,7.69230769220863e-08,-4.80312528972071e-07,2.83730873615329e-07,5.82050320802537e-13
0,0.0651282051282051,2.05128205130189e-07,-1.45086695213514e-07,-4.25675522650049e-07,6.22958467737254e-13
0,0.0671794871794872,4.87179487182465e-07,-7.64612706483092e-10,-3.46605052346793e-07,6.65474669325043e-13
0,0.0692307692307692,2.30769230766259e-07,-3.22281658804435e-07,-4.85428178126357e-07,7.09998116156527e-13
0,0.0712820512820513,5.12820512860168e-08,3.41988357632772e-07,1.51511643960156e-07,7.57258593262448e-13
0,0.0733333333333333,3.33333333338293e-07,2.15606012377023e-07,-4.42101233531778e-07,8.01050571685824e-13
0,0.0753846153846154,3.84615384610432e-07,-4.18536560964355e-09,-2.72553841371148e-07,8.51407458186433e-13
0,0.0774358974358974,1.02564102558156e-07,-3.296595628699e-07,-3.4610379452682e-07,9.01281785446354e-13
0,0.0794871794871795,1.79487179480242e-07,2.24629843836865e-07,3.31021505782514e-07,9.53003283974263e-13
0,0.0815384615384615,4.61538461532518e-07,-3.56026064629589e-07,-2.47374341053042e-07,2.01371439593278e-13
0,0.0835897435897436,2.56410256402329e-07,-8.63674431972328e-08,-8.74558880939458e-08,2.12325012046835e-13
0,0.0856410256410256,2.56410256499473e-08,1.84897663846328e-08,-1.95355123563945e-07,2.2128427254702e-13
0,0.0876923076923077,3.07692307688345e-07,-5.6767290312898e-08,4.22829370107236e-07,2.36910810883599e-13
0,0.0897435897435898,4.10256410246501e-07,-3.28005557048705e-07,-2.38966806322127e-07,2.48479151123786e-13
0,0.0917948717948718,1.28205128194225e-07,1.8955691449829e-07,-1.86773081063685e-07,2.58706084532251e-13
0,0.0938461538461538,1.53846153844173e-07,4.76997282339298e-07,-4.26583124026048e-07,2.70774200049476e-13
0,0.0958974358974359,4.35897435910326e-07,-4.79704725941943e-07,3.56459306932733e-08,2.84031290629929e-13
0,0.097948717948718,2.82051282038398e-07,3.01275330238937e-07,1.93994267587427e-07,2.96324413541998e-13
0,0.1,0,-1.96885064807084e-07,4.25801702994e-08,3.10266561664304e-13
0,0.107954545454545,4.54545454539601e-07,1.13741714602433e-07,2.70301118529548e-07,2.34750365197296e-13
0,0.115909090909091,9.09090909079202e-08,-2.31550002283143e-07,4.17835886140638e-07,2.71008303621526e-13
0,0.123863636363636,3.63636363631681e-07,-3.67900887754402e-07,1.59898387488977e-07,3.1153160186065e-13
0,0.131818181818182,1.81818181843596e-07,-4.9234567733869e-07,1.81500809645629e-07,3.56433986241155e-13
0,0.139772727272727,2.72727272737638e-07,1.46181922233701e-07,1.78605959230693e-07,4.07516514516428e-13
0,0.147727272727273,2.72727272737638e-07,2.42444957998522e-07,-1.41231356109994e-07,4.5445684117637e-13
0,0.155681818181818,1.81818181788085e-07,4.3848214259512e-07,-5.8234614269681e-08,5.13250246208293e-13
0,0.163636363636364,3.63636363631681e-07,3.47440498926765e-07,1.60211640107266e-07,5.67636005049361e-13
0,0.171590909090909,9.0909090921798e-08,-4.74728088173393e-07,2.60165872734142e-07,6.30824047959366e-13
0,0.179545454545455,4.54545454525723e-07,-4.94066791811854e-07,1.71962981354579e-09,6.89329959578399e-13
0,0.1875,0,-2.08838526916111e-07,1.59572919586348e-07,7.636254855567e-13
0,0.195454545454545,4.54545454553479e-07,-1.41584163837472e-07,-4.76405911317701e-07,8.35745346425417e-13
0,0.203409090909091,9.09090908940424e-08,1.65993122358543e-07,-1.00636558100775e-07,9.11676927864683e-13
0,0.211363636363636,3.63636363631681e-07,1.65906346549782e-07,1.08699794526546e-07,9.91390783770333e-13
0,0.219318181818182,1.81818181788085e-07,2.9141983126646e-07,-9.83075321148164e-09,2.14363606953113e-13
0,0.227272727272727,2.72727272737638e-07,-1.89843687437019e-08,3.99575325826795e-07,2.31478327358236e-13
0,0.235227272727273,2.72727272737638e-07,-3.26218665969158e-07,2.10429674657453e-07,2.44518756335719e-13
0,0.243181818181818,1.81818181843596e-07,-1.75943163593928e-07,3.14402633483368e-07,2.69897192324444e-13
0,0.251136363636364,3.6363636357617e-07,-1.10679924336665e-07,-3.78247200755188e-07,2.89314493207224e-13
0,0.259090909090909,9.09090909773091e-08,3.54488480125426e-07,6.17348057674327e-08,3.13678948089595e-13
0,0.267045454545455,4.54545454553479e-07,-2.68391850188898e-07,-4.17015462828019e-07,3.30903254759366e-13
0,0.275,0,-4.55353548090009e-07,1.53881016567992e-07,3.51561929344805e-13
0,0.282954545454545,4.54545454553479e-07,3.78730338201905e-07,-2.37115907408825e-07,3.74374989564615e-13
0,0.290909090909091,9.0909090921798e-08,-1.63081449566782e-07,4.18847241473452e-07,3.91341167311434e-13
0,0.298863636363636,3.63636363687192e-07,-4.20068927198258e-07,1.51304640011451e-07,4.2585395456285e-13
0,0.306818181818182,1.81818181788085e-07,3.03692169079106e-07,1.07317577879851e-08,4.45740751285707e-13
0,0.314772727272727,2.72727272765394e-07,-2.43340875560882e-07,6.87787191644418e-08,4.71278844628661e-13
0,0.322727272727273,2.72727272765394e-07,-2.5280575388642e-07,4.18475627289583e-07,5.03279664558628e-13
0,0.330681818181818,1.81818181788085e-07,1.16017518481115e-07,1.74409153286259e-07,5.25277829440397e-13
0,0.338636363636364,3.63636363631681e-07,-2.10314515580734e-07,4.72869686518607e-07,5.53821361249342e-13
0,0.346590909090909,9.0909090921798e-08,-2.70296976689899e-07,4.71968200244088e-07,5.88581105894126e-13
0,0.354545454545454,4.54545454497968e-07,-4.29763484799395e-08,3.5172226292568e-07,6.13001690726203e-13
0,0.3625,5.55111512312578e-17,-4.55729917026026e-07,3.14110496918429e-07,6.44287642642958e-13
0,0.370454545454545,4.54545454497968e-07,-3.86864893342498e-07,-4.16905316907856e-07,6.75590255988182e-13
0,0.378409090909091,9.0909090921798e-08,3.27239994435402e-07,4.04609053678007e-07,7.14011534811929e-13
0,0.386363636363636,3.63636363631681e-07,-1.01216281356287e-07,4.65160061302594e-08,7.41755253413738e-13
0,0.394318181818182,1.81818181788085e-07,-4.48223670734826e-07,-2.01472220934251e-07,7.75739787920761e-13
0,0.402272727272727,2.72727272765394e-07,-4.59668268892877e-07,-2.79066624808699e-08,8.17437870977537e-13
0,0.410227272727273,2.72727272654372e-07,1.22493375775967e-07,-9.97498804666819e-08,8.49167037242323e-13
0,0.418181818181818,1.81818181899107e-07,-4.53319277227138e-07,-6.25599083647899e-08,8.86234429353704e-13
0,0.426136363636364,3.63636363631681e-07,3.4736217568998e-08,4.59289492688031e-07,9.25082191334017e-13
0,0.434090909090909,9.0909090921798e-08,-2.39117152966983e-07,-1.37647887782366e-07,9.65321511470348e-13
0,0.442045454545455,4.54545454497968e-07,-1.7821822395625e-07,-4.36184538127327e-07,1.96660426529841e-13
0,0.45,5.55111512312578e-17,2.27488546555854e-07,1.16959425477958e-09,2.09034269953361e-13
0.05,0.02,0,-4.0324932093494e-07,2.47665524352736e-07,5.44389095263452e-13
0.05,0.0220512820512821,2.82051282052276e-07,2.14892282968115e-07,-4.58879966656889e-07,6.30042183471342e-13
0.05,0.0241025641025641,4.35897435896448e-07,3.23757829989724e-07,-2.44496912734857e-07,7.22369248083358e-13
0.05,0.0261538461538462,1.53846153847642e-07,-1.5286227494915e-07,-1.16507065630461e-07,8.22074188664875e-13
0.05,0.0282051282051282,1.28205128204634e-07,-2.98631294248786e-07,-8.22231819158636e-08,9.27327522780322e-13
0.05,0.0302564102564103,4.1025641025691e-07,-2.07329390211619e-07,-1.48948267750942e-07,2.07385404677316e-13
0.05,0.0323076923076923,3.07692307695284e-07,2.01911518615816e-08,-3.23974781196723e-07,2.31916706494908e-13
0.05,0.0343589743589744,2.56410256360695e-08,2.72258504740996e-07,3.8541608373896e-07,2.569938499504e-13
0.05,0.0364102564102564,2.56410256416206e-07,4.28406920272018e-07,-2.80448065811956e-08,2.83496732888773e-13
0.05,0.0384615384615385,4.61538461539457e-07,3.59414567219218e-07,4.28386231397793e-07,3.1147564850806e-13
0.05,0.0405128205128205,1.79487179487181e-07,-7.58011490242794e-08,-2.52533537768718e-07,3.40574621204515e-13
0.05,0.0425641025641026,1.02564102565095e-07,-2.8007314023526e-08,-7.80325075180888e-08,2.43783792983707e-13
0.05,0.0446153846153846,3.84615384610432e-07,3.39938422411201e-07,-5.53239402865946e-08,4.38962334154251e-13
0.05,0.0466666666666667,3.33333333331354e-07,-1.45834377573983e-07,-1.91605280121243e-07,2.92438528853981e-13
0.05,0.0487179487179487,5.1282051272139e-08,3.27360413110434e-07,-4.94057289492783e-07,3.20396307902364e-13
0.05,0.0507692307692308,2.30769230766259e-07,-4.39518868189381e-07,3.01566535874931e-08,3.49468911809398e-13
0.05,0.0528205128205128,4.87179487175526e-07,3.38755437034877e-07,3.73891330108372e-07,3.80082318667552e-13
0.05,0.0548717948717949,2.05128205123251e-07,4.33922025977473e-07,-4.69979558499756e-07,4.12478778681186e-13
0.05,0.0569230769230769,7.69230769220863e-08,-3.98062860673676e-07,4.9143737731322e-07,4.44216777522406e-13
0.05,0.058974358974359,3.58974358974362e-07,-4.19502263371285e-07,2.51055970131031e-07,4.80774015832466e-13
0.05,0.061025641025641,3.58974358974362e-07,9.32200072689682e-08,-1.9818873873978e-07,5.17153734298516e-13
0.05,0.0630769230769231,7.69230769220863e-08,-1.5906010220057e-07,1.3666025915765e-07,5.52787373609765e-13
0.05,0.0651282051282051,2.05128205130189e-07,-4.91611784725343e-07,2.48582700833333e-07,5.93163513426268e-13
0.05,0.0671794871794872,4.87179487182465e-07,-2.43625960960614e-07,1.30581814528075e-07,6.3343302885863e-13
0.05,0.0692307692307692,2.30769230766259e-07,2.23837074875277e-07,-2.24314925606484e-07,6.74969842029937e-13
0.05,0.0712820512820513,5.12820512860168e-08,-4.73683558710469e-07,1.76944964451475e-07,7.18059309033869e-13
0.05,0.0733333333333333,3.33333333338293e-07,2.52339891093634e-07,3.27439736894086e-07,7.61805295641858e-13
0.05,0.0753846153846154,3.84615384610432e-07,-3.7066632874172e-08,2.2027416477638e-07,8.07741398278189e-13
0.05,0.0774358974358974,1.02564102558156e-07,1.9053109667766e-07,-1.51419687892396e-07,8.54428160209255e-13
0.05,0.0794871794871795,1.79487179480242e-07,4.35581170687982e-07,2.05518278978412e-07,9.02358893626635e-13
0.05,0.0815384615384615,4.61538461532518e-07,1.63634609862129e-07,2.84276966508457e-07,9.52751407758205e-13
0.05,0.0835897435897436,2.56410256402329e-07,-1.94668668518361e-07,7.80747993131548e-08,2.00610182508094e-13
0.05,0.0856410256410256,2.56410256499473e-08,-2.5231578626439e-07,-4.19839397823585e-07,2.13265993183022e-13
0.05,0.0876923076923077,3.07692307688345e-07,3.41950906146415e-07,-2.16185820307857e-07,2.22387952245957e-13
0.05,0.0897435897435898,4.10256410246501e-07,-1.12950046537996e-07,-3.17652812706348e-07,2.33024140219133e-13
0.05,0.0917948717948718,1.28205128194225e-07,-3.62201094006309e-07,2.69103854581842e-07,2.44547010147012e-13
0.05,0.0938461538461538,1.53846153844173e-07,-2.0845192960639e-07,-4.62538259346501e-07,2.55987765233684e-13
0.05,0.0958974358974359,4.35897435910326e-07,4.90559420862624e-07,4.808324878397e-07,2.67807211328842e-13
0.05,0.097948717948718,2.82051282038398e-07,-1.86058264350919e-07,9.26625733227437e-08,2.797787363069e-13
0.05,0.1,0,-2.283252100721e-07,3.66434060740384e-07,2.92266008024391e-13
0.05,0.107954545454545,4.54545454539601e-07,-4.90596267832544e-07,3.52673177717033e-07,2.2975255426405e-13
0.05,0.115909090909091,9.09090909079202e-08,-2.1084935841742e-07,-2.14047694027664e-07,2.68279826482693e-13
0.05,0.123863636363636,3.63636363631681e-07,2.23946547528442e-07,3.02776534150118e-07,3.01279965103106e-13
0.05,0.131818181818182,1.81818181843596e-07,-2.60485499836705e-08,-4.50653179717708e-07,3.50079186133103e-13
0.05,0.139772727272727,2.72727272737638e-07,-1.7960524800742e-07,1.82210085894474e-07,3.91988747376796e-13
0.05,0.147727272727273,2.72727272737638e-07,-4.79864378788442e-07,-1.31094306715651e-07,4.40474488244145e-13
0.05,0.155681818181818,1.81818181788085e-07,-3.67971649706256e-07,2.88607849896483e-07,4.90495942042401e-13
0.05,0.163636363636364,3.63636363631681e-07,3.18058259840548e-07,1.32763516152989e-07,5.47292394119539e-13
0.05,0.171590909090909,9.0909090921798e-08,2.25289704169906e-07,1.05725341661977e-07,6.03884178248636e-13
0.05,0.179545454545455,4.54545454525723e-07,4.01136389494017e-07,-7.4620984294449e-08,6.65577661885328e-13
0.05,0.1875,0,-2.31265949113268e-07,3.23764585211106e-07,7.29970849558391e-13
0.05,0.195454545454545,4.54545454553479e-07,4.59059523949534e-07,4.76909673280401e-08,7.98158610821997e-13
0.05,0.203409090909091,9.09090908940424e-08,-1.80531000870676e-07,-1.40656834513031e-07,8.68382781101836e-13
0.05,0.211363636363636,3.63636363631681e-07,-1.37788578713494e-07,-4.63118693366793e-07,9.3842451603209e-13
0.05,0.219318181818182,1.81818181788085e-07,-2.03479403659834e-07,-1.24969169595923e-07,2.03857832880476e-13
0.05,0.227272727272727,2.72727272737638e-07,3.91413759737169e-07,-3.14336815271377e-07,2.20252077141249e-13
0.05,0.235227272727273,2.72727272737638e-07,-1.11841574446103e-07,-2.0163438574361e-07,2.42106732282826e-13
0.05,0.243181818181818,1.81818181843596e-07,-6.13792902059984e-08,6.09998529466083e-08,2.54407341133861e-13
0.05,0.251136363636364,3.6363636357617e-07,-4.31182793581009e-07,3.40248255709108e-07,2.72342554320919e-13
0.05,0.259090909090909,9.09090909773091e-08,1.04709862724928e-07,-4.77853553643159e-07,2.87038520248834e-13
0.05,0.267045454545455,4.54545454553479e-07,1.61009610755158e-07,-4.87398523457694e-07,3.10732009213778e-13
0.05,0.275,0,-3.96240759537037e-07,2.37894311194697e-07,3.30561061873527e-13
0.05,0.282954545454545,4.54545454553479e-07,-4.78628792544011e-07,-3.54834608723431e-07,3.52426141583024e-13
0.05,0.290909090909091,9.0909090921798e-08,2.02895471701492e-07,-2.97117891290277e-07,3.73755036462133e-13
0.05,0.298863636363636,3.63636363687192e-07,1.22306816618956e-07,4.01286818219049e-07,3.96162898729153e-13
0.05,0.306818181818182,1.81818181788085e-07,-7.80562239288685e-08,-2.47175967749147e-07,4.12257680435101e-13
0.05,0.314772727272727,2.72727272765394e-07,4.13697567647198e-07,-2.07454602746404e-07,4.43377660134329e-13
0.05,0.322727272727273,2.72727272765394e-07,-4.69394182300853e-07,-4.21509026155009e-07,4.66719669685766e-13
0.05,0.330681818181818,1.81818181788085e-07,3.58953501089498e-07,1.92045264829632e-07,4.93108852800007e-13
0.05,0.338636363636364,3.63636363631681e-07,1.1547145417623e-07,-2.61733509310247e-07,5.19170692055082e-13
0.05,0.346590909090909,9.0909090921798e-08,1.28911247121444e-07,3.46187446875756e-07,5.45081140560915e-13
0.05,0.354545454545454,4.54545454497968e-07,-1.47507071834863e-07,1.69086328799528e-07,5.7086569189978e-13
0.05,0.3625,5.55111512312578e-17,-1.50176334312579e-07,3.84725802743402e-07,6.02286702262633e-13
0.05,0.370454545454545,4.54545454497968e-07,-2.16901282545923e-07,1.95558734428225e-07,6.31371071541212e-13
0.05,0.378409090909091,9.0909090921798e-08,4.20925422073282e-07,-1.71101362328452e-07,6.60879991909723e-13
0.05,0.386363636363636,3.63636363631681e-07,-3.76572382165818e-07,-4.62946661478059e-07,6.92112757648424e-13
0.05,0.394318181818182,1.81818181788085e-07,3.39703127960611e-07,-4.02580072056402e-07,7.22927289349784e-13
0.05,0.402272727272727,2.72727272765394e-07,-3.92889783373818e-07,3.12539318092497e-07,7.57088399158989e-13
0.05,0.410227272727273,2.72727272654372e-07,-4.78570207573803e-07,1.0108789277874e-08,7.90865643684961e-13
0.05,0.418181818181818,1.81818181899107e-07,-2.18664856443951e-07,4.2950509565598e-08,8.26072489259049e-13
0.05,0.426136363636364,3.63636363631681e-07,-2.60355909720289e-07,-2.11065276173317e-07,8.62277464092233e-13
0.05,0.434090909090909,9.0909090921798e-08,2.84163425567918e-07,-3.49144328948281e-07,8.9947916264032e-13
0.05,0.442045454545455,4.54545454497968e-07,-2.40074748081298e-07,5.6258823905031e-08,9.36025931322995e-13
0.05,0.45,5.55111512312578e-17,-2.72989808758339e-07,4.57217901927987e-07,9.74753091268779e-13
0.1,0.02,0,3.90581651465993e-08,-4.92332497331258e-07,4.95229302955364e-13
0.1,0.0220512820512821,2.82051282052276e-07,-5.40982780794508e-08,-2.39698546950287e-07,5.7401361555525e-13
0.1,0.0241025641025641,4.35897435896448e-07,-2.96991828130366e-07,-7.08863014415445e-08,6.58744631478844e-13
0.1,0.0261538461538462,1.53846153847642e-07,4.15204031156691e-07,6.33725569069987e-09,7.49881029707326e-13
0.1,0.0282051282051282,1.28205128204634e-07,1.96150215736601e-07,-1.5786755142716e-08,8.47119537691301e-13
0.1,0.0302564102564103,4.1025641025691e-07,1.6757239040821e-07,-1.45008419466519e-07,9.50321400730309e-13
0.1,0.0323076923076923,3.07692307695284e-07,4.6023813449203e-07,-3.89068361802275e-07,2.12151510996821e-13
0.1,0.0343589743589744,2.56410256360695e-08,2.13432745477249e-07,2.44303045571215e-07,2.35293720799992e-13
0.1,0.0364102564102564,2.56410256416206e-07,-4.23478959121759e-07,-2.52613778645161e-07,2.59965570701936e-13
0.1,0.0384615384615385,4.61538461539457e-07,-2.92033282445203e-07,1.12473169323196e-07,2.85643681360705e-13
0.1,0.0405128205128205,1.79487179487181e-07,-2.24413994942552e-07,3.31868143174652e-07,3.12665770765785e-13
0.1,0.0425641025641026,1.02564102565095e-07,-4.28451730760671e-08,3.97888334259522e-07,2.24565777808559e-13
0.1,0.0446153846153846,3.84615384610432e-07,4.40111364907736e-07,3.02864600443958e-07,4.12531999037403e-13
0.1,0.0466666666666667,3.33333333331354e-07,4.21127418936962e-07,3.91420648566954e-08,2.8063898225409e-13
0.1,0.0487179487179487,5.1282051272139e-08,1.07412420069508e-07,-4.0091908784165e-07,3.05711720938602e-13
0.1,0.0507692307692308,2.30769230766259e-07,-2.83974811665644e-07,-2.49429625807929e-08,3.33600067424349e-13
0.1,0.0528205128205128,4.87179487175526e-07,4.74255849813865e-07,1.59462736532695e-07,3.62401382501231e-13
0.1,0.0548717948717949,2.05128205123251e-07,-3.80649035736091e-07,1.44707405620725e-07,3.92606948086225e-13
0.1,0.0569230769230769,7.69230769220863e-08,3.99248752613879e-07,-7.67817649738323e-08,4.24079013494082e-13
0.1,0.058974358974359,3.58974358974362e-07,7.21042396900629e-08,4.87440903980396e-07,4.56867594419821e-13
0.1,0.061025641025641,3.58974358974362e-07,-9.34635350224866e-08,-1.70159728349328e-07,4.91022004924091e-13
0.1,0.0630769230769231,7.69230769220863e-08,1.81868537119101e-07,-5.70989188153348e-08,5.26254293497275e-13
0.1,0.0651282051282051,2.05128205130189e-07,1.89000710082432e-07,-1.80871352561951e-07,5.62812423246927e-13
0.1,0.0671794871794872,4.87179487182465e-07,2.28630265830532e-07,4.5104955172931e-07,6.00010904224226e-13
0.1,0.0692307692307692,2.30769230766259e-07,-3.86779408945159e-07,-1.68787650682567e-07,6.39400067102787e-13
0.1,0.0712820512820513,5.12820512860168e-08,-3.32788737122947e-07,-4.78117463051375e-08,6.80246440688838e-13
0.1,0.0733333333333333,3.33333333338293e-07,-2.75511533476269e-07,-1.9342815784501e-07,7.21540555977579e-13
0.1,0.0753846153846154,3.84615384610432e-07,1.30908901829763e-07,3.86981745668924e-07,7.64026995171997e-13
0.1,0.0774358974358974,1.02564102558156e-07,2.46551013050045e-07,-3.13938639903699e-07,8.08219615723556e-13
0.1,0.0794871794871795,1.79487179480242e-07,4.40988273342491e-07,-3.0352046855725e-07,8.53738680873666e-13
0.1,0.0815384615384615,4.61538461532518e-07,9.58414143603648e-08,4.10931262094516e-07,9.00157566597287e-13
0.1,0.0835897435897436,2.56410256402329e-07,-3.94251310709137e-07,-1.77861589095718e-07,9.50626292006579e-13
0.1,0.0856410256410256,2.56410256499473e-08,3.77203345003352e-07,-7.71496135240635e-08,9.97067046489276e-13
0.1,0.0876923076923077,3.07692307688345e-07,-1.70384484521335e-07,-2.94155187832712e-07,2.0973259246855e-13
0.1,0.0897435897435898,4.10256410246501e-07,3.9507979709974e-07,1.63928406349267e-07,2.19463821506982e-13
0.1,0.0917948717948718,1.28205128194225e-07,-4.81491229997744e-07,2.89937406451612e-07,2.30415287824614e-13
0.1,0.0938461538461538,1.53846153844173e-07,-3.42437065592449e-07,7.67384569569374e-08,2.4146919791925e-13
0.1,0.0958974358974359,4.35897435910326e-07,2.84064990641042e-07,-4.82770734097637e-07,2.51861647406774e-13
0.1,0.097948717948718,2.82051282038398e-07,-1.17345791195156e-07,-3.95660688878863e-07,2.61090852951458e-13
0.1,0.1,0,-4.65267091520616e-08,3.31030538112953e-07,2.74358484930121e-13
0.1,0.107954545454545,4.54545454539601e-07,-3.56993694938801e-07,2.41608099527113e-07,2.23650087611802e-13
0.1,0.115909090909091,9.09090909079202e-08,4.07991812667596e-07,2.24076043650601e-07,2.57178599738242e-13
0.1,0.123863636363636,3.63636363631681e-07,-3.6089500110581e-07,-1.16801029875768e-07,2.93680483691127e-13
0.1,0.131818181818182,1.81818181843596e-07,3.73370464323841e-07,-1.67355923938461e-07,3.3340841208527e-13
0.1,0.139772727272727,2.72727272737638e-07,-4.67466058196031e-07,-3.04395526673495e-07,3.76692033185024e-13
0.1,0.147727272727273,2.72727272737638e-07,1.75289620818475e-07,1.05424397517373e-07,4.25403121421827e-13
0.1,0.155681818181818,1.81818181788085e-07,-2.42533643945997e-07,-2.93773755946636e-07,4.69716158369153e-13
0.1,0.163636363636364,3.63636363631681e-07,3.95841654232676e-07,1.53539333663799e-07,5.22803005243165e-13
0.1,0.171590909090909,9.0909090921798e-08,1.15997135674561e-07,1.14930267428037e-07,5.76220500029043e-13
0.1,0.179545454545455,4.54545454525723e-07,1.15222230090417e-07,2.70634645208045e-07,6.28939132824543e-13
0.1,0.1875,0,-4.75151469281343e-08,3.14189941452714e-07,6.94259401548781e-13
0.1,0.195454545454545,4.54545454553479e-07,-2.68098784950155e-07,-4.69307578354616e-08,7.58656651907369e-13
0.1,0.203409090909091,9.09090908940424e-08,1.92239407947881e-07,-9.06845460113548e-08,8.24799236116845e-13
0.1,0.211363636363636,3.63636363631681e-07,-2.83601722550486e-07,-7.98244027128137e-08,8.93842702851282e-13
0.1,0.219318181818182,1.81818181788085e-07,-1.27677850403352e-07,-2.61265248713283e-07,9.71562558875214e-13
0.1,0.227272727272727,2.72727272737638e-07,-4.76141944205644e-07,1.34548903157894e-07,2.09067400790909e-13
0.1,0.235227272727273,2.72727272737638e-07,-2.77382820934591e-07,-1.0572339340098e-07,2.2331324130102e-13
0.1,0.243181818181818,1.81818181843596e-07,1.25161221498082e-07,-1.77692255465267e-07,2.38994560251158e-13
0.1,0.251136363636364,3.6363636357617e-07,-2.95959894591746e-07,-2.5861020380713e-07,2.56967830007011e-13
0.1,0.259090909090909,9.09090909773091e-08,3.54397126312023e-07,4.93249947525198e-07,2.75268163924117e-13
0.1,0.267045454545455,4.54545454553479e-07,1.95377888867476e-07,-6.0787721856137e-08,2.9332868034272e-13
0.1,0.275,0,-3.816807536694e-07,-3.91909473484997e-08,3.12391469610417e-13
0.1,0.282954545454545,4.54545454553479e-07,7.06550719042909e-08,4.60384843387063e-07,3.3271120466553e-13
0.1,0.290909090909091,9.0909090921798e-08,-2.41565338399141e-07,3.61692283040727e-07,3.50028249247663e-13
0.1,0.298863636363636,3.63636363687192e-07,2.53486939105763e-07,-3.8952196967923e-07,3.72511789935918e-13
0.1,0.306818181818182,1.81818181788085e-07,2.42226175339866e-07,1.75057455753524e-07,3.94315346228293e-13
0.1,0.314772727272727,2.72727272765394e-07,-4.94464467148958e-07,4.68764740357841e-08,4.16280117640298e-13
0.1,0.322727272727273,2.72727272765394e-07,2.57806048287179e-07,2.41058748351453e-07,4.40486714980996e-13
0.1,0.330681818181818,1.81818181788085e-07,5.0966464382185e-10,-2.03063537235204e-07,4.61851537456412e-13
0.1,0.338636363636364,3.63636363631681e-07,-1.02786585354231e-07,-2.21437335218289e-07,4.92132587546326e-13
0.1,0.346590909090909,9.0909090921798e-08,-2.44604591692621e-07,2.75203068084151e-07,5.11396284884827e-13
0.1,0.354545454545454,4.54545454497968e-07,-4.99400725328947e-07,4.01805196642568e-07,5.38511543884999e-13
0.1,0.3625,5.55111512312578e-17,1.17047430969741e-07,2.99442363405067e-07,5.64392930997321e-13
0.1,0.370454545454545,4.54545454497968e-07,-7.52302797835114e-08,1.35730220979235e-07,5.91171131078539e-13
0.1,0.378409090909091,9.0909090921798e-08,3.80645717168449e-08,1.05213155549011e-07,6.1892395631477e-13
0.1,0.386363636363636,3.63636363631681e-07,-1.00957008974945e-07,4.29717962685539e-07,6.47152224822274e-13
0.1,0.394318181818182,1.81818181788085e-07,-1.87988909328141e-07,3.58671928185617e-07,6.70682572867838e-13
0.1,0.402272727272727,2.72727272765394e-07,3.11099003003079e-07,1.69382516124195e-07,7.08101946645126e-13
0.1,0.410227272727273,2.72727272654372e-07,3.17736116306477e-07,1.67275672979805e-07,7.46379749586367e-13
0.1,0.418181818181818,1.81818181899107e-07,1.09596663300238e-07,-3.13910346189106e-07,7.72342897676359e-13
0.1,0.426136363636364,3.63636363631681e-07,1.49934778592709e-07,8.8021480687539e-08,8.05926782424762e-13
0.1,0.434090909090909,9.0909090921798e-08,-5.20423763195055e-07,-2.36177461032661e-07,8.39736571795314e-13
0.1,0.442045454545455,4.54545454497968e-07,8.33441120562384e-08,1.3284067107433e-07,8.75949970769601e-13
0.1,0.45,5.55111512312578e-17,-8.52418564623036e-08,-3.56994991845827e-07,9.10578477177224e-13
0.15,0.02,0,-7.66126709850212e-08,-3.26329776593332e-07,4.6012397856498e-13
0.15,0.0241025641025641,4.35897435896448e-07,-1.21763447324952e-07,-2.07752510323483e-07,6.11955564409605e-13
0.15,0.0261538461538462,1.53846153847642e-07,-3.54079131792417e-07,-2.87920476101447e-07,6.96584865318219e-13
0.15,0.0282051282051282,1.28205128204634e-07,4.09254763633626e-07,-4.71876157228518e-07,7.87180619252051e-13
0.15,0.0302564102564103,4.1025641025691e-07,2.78175750656473e-07,2.32277622389671e-07,8.83680622916877e-13
0.15,0.0323076923076923,3.07692307695284e-07,3.70508202895969e-07,-1.83553490521599e-07,9.85957810432957e-13
0.15,0.0343589743589744,2.56410256360695e-08,-1.88304093540204e-07,2.72545201566998e-07,2.18762620739888e-13
0.15,0.0364102564102564,2.56410256416206e-07,-2.65635542007203e-07,-4.07501779629144e-07,2.41741423114418e-13
0.15,0.0384615384615385,4.61538461539457e-07,2.79924704194023e-07,-2.31759700160261e-07,2.65664170849455e-13
0.15,0.0405128205128205,1.79487179487181e-07,-4.02249982545122e-07,-2.08282840793994e-07,2.90744998883986e-13
0.15,0.0425641025641026,1.02564102565095e-07,-1.54596764501136e-07,-3.45113922294027e-07,2.09239166178217e-13
0.15,0.0446153846153846,3.84615384610432e-07,1.88425904212863e-07,3.4971656382235e-07,3.88171243660641e-13
0.15,0.0466666666666667,3.33333333331354e-07,-1.99026860325802e-07,-1.31809136438843e-07,2.65970056342274e-13
0.15,0.0487179487179487,5.1282051272139e-08,-1.34475913848853e-07,2.02304698125599e-07,2.89173160341504e-13
0.15,0.0507692307692308,2.30769230766259e-07,-4.28194451451702e-07,3.44067844083862e-07,3.1691964686481e-13
0.15,0.0528205128205128,4.87179487175526e-07,1.20026810934704e-07,2.85504749130555e-07,3.43999607221367e-13
0.15,0.0548717948717949,2.05128205123251e-07,-2.82826138509051e-07,1.86551634279164e-08,3.72713433550716e-13
0.15,0.0569230769230769,7.69230769220863e-08,-4.20767997666438e-07,-4.64425236511301e-07,4.02335277081972e-13
0.15,0.058974358974359,3.58974358974362e-07,-6.91129637964139e-08,-1.7166422198317e-07,4.32969026419199e-13
0.15,0.061025641025641,3.58974358974362e-07,5.41625466699003e-09,-1.10972384684271e-07,4.6514121182563e-13
0.15,0.0630769230769231,7.69230769220863e-08,4.27053609142192e-08,-2.90242510407601e-07,4.98293610452753e-13
0.15,0.0651282051282051,2.05128205130189e-07,2.9516438448951e-07,2.82651049565708e-07,5.34517737667138e-13
0.15,0.0671794871794872,4.87179487182465e-07,1.90249570541923e-08,-4.00146995073458e-07,5.67998304638226e-13
0.15,0.0692307692307692,2.30769230766259e-07,4.83619172930716e-07,-3.46472235866757e-07,6.04980728240186e-13
0.15,0.0712820512820513,5.12820512860168e-08,-3.56961145087098e-08,4.35860054860682e-07,6.42673096230452e-13
0.15,0.0733333333333333,3.33333333338293e-07,-2.54971734725551e-07,-6.09444343185883e-08,6.82111444707454e-13
0.15,0.0753846153846154,3.84615384610432e-07,1.21718199963539e-07,1.55341567199818e-07,7.22542936439704e-13
0.15,0.0774358974358974,1.02564102558156e-07,3.94663884906166e-07,7.69675618864096e-08,7.63556031953747e-13
0.15,0.0794871794871795,1.79487179480242e-07,-1.24843409610165e-07,-3.03794094651255e-07,8.06753000089782e-13
0.15,0.0815384615384615,4.61538461532518e-07,-1.1575679936815e-07,5.35244815830227e-09,8.50493395661945e-13
0.15,0.0835897435897436,2.56410256402329e-07,-2.5108122081452e-07,-3.27282605877555e-09,8.92896668789803e-13
0.15,0.0856410256410256,2.56410256499473e-08,-1.91710076036244e-07,-3.37325166153979e-07,9.41632811684059e-13
0.15,0.0876923076923077,3.07692307688345e-07,4.09470587214855e-07,-4.43440888869828e-09,9.88965573028124e-13
0.15,0.0897435897435898,4.10256410246501e-07,-9.25406458129885e-08,-1.22044039388425e-08,2.08011730045603e-13
0.15,0.0917948717948718,1.28205128194225e-07,-3.32570363692497e-07,-3.68212126136691e-07,2.17327645858089e-13
0.15,0.0938461538461538,1.53846153844173e-07,6.41067462447964e-08,-8.0007392773418e-08,2.30335811270329e-13
0.15,0.0958974358974359,4.35897435910326e-07,4.77474312865489e-07,-1.55111986643863e-07,2.37859121956333e-13
0.15,0.097948717948718,2.82051282038398e-07,3.02270245389202e-07,3.98980938370874e-07,2.48480897686159e-13
0.15,0.1,0,-5.42814981852047e-08,-4.2519250070816e-07,2.59603522821668e-13
0.15,0.107954545454545,4.54545454539601e-07,-3.52397984126895e-07,4.39471997695784e-07,2.15018214052262e-13
0.15,0.115909090909091,9.09090909079202e-08,-1.01386250728197e-07,7.56280524039088e-08,2.47735502833832e-13
0.15,0.123863636363636,3.63636363631681e-07,-4.71299769877476e-07,6.17426714755176e-08,2.84939638802435e-13
0.15,0.131818181818182,1.81818181843596e-07,3.27531057497943e-07,-1.56525091499216e-08,3.1968314328258e-13
0.15,0.139772727272727,2.72727272737638e-07,1.38207765232323e-08,4.38622046419757e-07,3.55944061608117e-13
0.15,0.147727272727273,2.72727272737638e-07,2.03304535872917e-07,2.89826180693842e-08,3.98729323859295e-13
0.15,0.155681818181818,1.81818181788085e-07,3.45258825196204e-07,3.69676850825451e-07,4.44458248022868e-13
0.15,0.163636363636364,3.63636363631681e-07,-3.49149389067271e-07,8.5384406448008e-08,4.97547608945442e-13
0.15,0.171590909090909,9.0909090921798e-08,1.54950076103333e-08,-1.88176210932922e-07,5.48828165211164e-13
0.15,0.179545454545455,4.54545454525723e-07,-9.74246021634428e-08,1.96365473728588e-07,5.98518015809347e-13
0.15,0.1875,0,2.14536558962308e-07,-1.01348556699743e-07,6.5989663983983e-13
0.15,0.195454545454545,4.54545454553479e-07,1.26111166398601e-07,-4.08778800253806e-07,7.2547173054752e-13
0.15,0.203409090909091,9.09090908940424e-08,-9.72905016549674e-08,-3.98558086811551e-08,7.81717555423168e-13
0.15,0.211363636363636,3.63636363631681e-07,-3.24408926388742e-07,-2.94341291909306e-07,8.42114100707396e-13
0.15,0.219318181818182,1.81818181788085e-07,1.86465171525541e-07,-4.57182999652472e-07,9.15579441548811e-13
0.15,0.227272727272727,2.72727272737638e-07,-5.05726408750462e-07,2.02136580557122e-07,9.79133679543421e-13
0.15,0.235227272727273,2.72727272737638e-07,-3.5449979973734e-07,4.30257277417301e-07,2.11433022966751e-13
0.15,0.243181818181818,1.81818181843596e-07,3.08587214448153e-07,-9.39575856007124e-09,2.26962295194503e-13
0.15,0.251136363636364,3.6363636357617e-07,3.6700360017683e-07,-3.35944661894461e-07,2.50092630216016e-13
0.15,0.259090909090909,9.09090909773091e-08,-5.34588065814745e-07,2.49613909930613e-07,2.58924810706292e-13
0.15,0.267045454545455,4.54545454553479e-07,-4.30525691097472e-07,-4.34914727093227e-07,2.84021455385253e-13
0.15,0.275,0,4.2305858838354e-07,4.47756537014232e-07,2.93449322669259e-13
0.15,0.282954545454545,4.54545454553479e-07,5.13405606916706e-08,-2.44920934505677e-07,3.06552541495859e-13
0.15,0.290909090909091,9.0909090921798e-08,1.99500559405763e-07,3.65352411879627e-07,3.31360528553042e-13
0.15,0.298863636363636,3.63636363687192e-07,-1.92511244945237e-07,1.78408851386758e-07,3.51070963888506e-13
0.15,0.306818181818182,1.81818181788085e-07,4.36858474062163e-07,1.16297169061585e-07,3.70948461466445e-13
0.15,0.314772727272727,2.72727272765394e-07,-2.42927928661985e-07,1.23964401188559e-07,3.98730884543217e-13
0.15,0.322727272727273,2.72727272765394e-07,6.30443897087218e-09,1.69933971505554e-07,4.13787285909974e-13
0.15,0.330681818181818,1.81818181788085e-07,-4.76732087584253e-07,2.46978624746097e-07,4.41879403509805e-13
0.15,0.338636363636364,3.63636363631681e-07,3.06534638339073e-07,3.72786113728152e-07,4.57829917639225e-13
0.15,0.346590909090909,9.0909090921798e-08,-4.41225575187332e-07,-4.09384154964609e-07,4.81417386697485e-13
0.15,0.354545454545454,4.54545454497968e-07,3.95762630445162e-07,-3.00560470956057e-08,5.05520558439176e-13
0.15,0.3625,5.55111512312578e-17,-5.07526368487277e-07,-3.92905304097413e-07,5.23450495971411e-13
0.15,0.370454545454545,4.54545454497968e-07,-1.39468046667091e-07,-3.74144814963007e-07,5.55650656687644e-13
0.15,0.378409090909091,9.0909090921798e-08,-3.62513466134473e-07,1.78070902301375e-07,5.88281635662692e-13
0.15,0.386363636363636,3.63636363631681e-07,-9.16723670307817e-08,4.44218710010658e-07,6.08392518160464e-13
0.15,0.394318181818182,1.81818181788085e-07,-3.36943585033112e-07,-3.66045715710639e-07,6.44206070554612e-13
0.15,0.402272727272727,2.72727272765394e-07,-3.74577918238472e-07,-1.33697827253698e-08,6.64957286097407e-13
0.15,0.410227272727273,2.72727272654372e-07,2.9522618860689e-07,-2.28218596159957e-07,6.94071626362048e-13
0.15,0.418181818181818,1.81818181899107e-07,-1.50515400809681e-07,2.89573465761528e-07,7.24835597359375e-13
0.15,0.426136363636364,3.63636363631681e-07,1.48320293602566e-07,-1.28789668679685e-07,7.56105629707433e-13
0.15,0.434090909090909,9.0909090921798e-08,-2.89191130820043e-07,-1.20703423617252e-07,7.87846999399176e-13
0.15,0.442045454545455,4.54545454497968e-07,-3.19461462172654e-07,-2.91850025896379e-07,8.20305865338462e-13
0.15,0.45,5.55111512312578e-17,-2.18780022098741e-07,-2.15940242132007e-07,8.47347852932757e-13
