q,alpha_h,s,v,lam_max,is_complex,dlam_dq_fd,dlam_dq_pert,c_swing,c_reset,c_reset_geom,c_reset_vel,c_reset_push,norm_BA_minus_J,absEigA1,absEigA2,cos2alpha_h,dabslam_dq
0.399,0.1986603747,0.3947124618,0.1140384514,0.7075464402,1,-1.544692423,-1.544693354,0.2582346069,-1.802927961,-1.725564856,-0.804679014,0.7273162447,2.002728355e-10,5.453173261,1.000000005,0.9221010362,-0.08324072177
0.398,0.1981547064,0.393720966,0.1137528189,0.7076295359,1,-1.541292308,-1.541293228,0.2572465299,-1.798539758,-1.721496984,-0.8028401019,0.7257976635,2.123238889e-10,5.455468726,0.9999999956,0.9224919005,-0.08294943781
0.397,0.1976490974,0.3927294858,0.1134671874,0.7077123397,1,-1.537888986,-1.537889904,0.2562602273,-1.794150131,-1.717426711,-0.8009996438,0.7242765578,2.568733747e-10,5.45775654,0.999999993,0.9228817755,-0.08266240376
0.396,0.1971435477,0.3917380213,0.113181557,0.7077948613,1,-1.53448396,-1.53448487,0.2552742205,-1.789759091,-1.713354049,-0.7991576462,0.7227529377,2.117715145e-10,5.460036816,0.9999999963,0.9232706613,-0.08238052876
0.395,0.196638057,0.3907465725,0.1128959276,0.7078771013,1,-1.531074374,-1.531075281,0.2542913707,-1.785366652,-1.709279014,-0.7973141178,0.7212268126,1.302635186e-10,5.462309501,0.9999999968,0.923658558,-0.08209951407
0.394,0.1961326251,0.3897551393,0.1126102993,0.7079590609,1,-1.527656051,-1.527656955,0.2533158667,-1.780972822,-1.705201617,-0.7954690646,0.7196981918,2.70297499e-10,5.464574636,0.9999999744,0.9240454657,-0.08181936134
0.393,0.1956272519,0.3887637217,0.1123246718,0.7080407406,1,-1.524236619,-1.524237513,0.2523400928,-1.776577605,-1.701121866,-0.7936224908,0.7181670818,2.55080823e-10,5.466832189,0.9999999967,0.9244313844,-0.08153752014
0.392,0.1951219373,0.3877723197,0.1120390453,0.7081221365,1,-1.520814545,-1.520815441,0.2513655824,-1.772181023,-1.697039782,-0.791774408,0.7166334968,8.387654637e-11,5.469082229,0.9999999855,0.9248163141,-0.0812560802
0.391,0.1946166811,0.3867809332,0.1117534196,0.7082032533,1,-1.517385459,-1.517386344,0.250396726,-1.76778307,-1.692955367,-0.7899248168,0.7150974419,1.550185841e-10,5.471324786,0.9999999783,0.9252002549,-0.08097894065
0.39,0.1941114831,0.3857895622,0.1114677948,0.708284095,1,-1.51395048,-1.513951365,0.2494324025,-1.763383768,-1.68886864,-0.788073728,0.7135589276,1.4467743e-10,5.473559774,0.9999999942,0.9255832068,-0.08069806571
0.389,0.1936063431,0.3847982068,0.1111821708,0.70836465,1,-1.5105105,-1.51051137,0.2484717471,-1.758983117,-1.684779607,-0.7862211455,0.7120179632,1.774839254e-10,5.475787326,0.9999999921,0.92596517,-0.08041728618
0.388,0.1931012611,0.3838068668,0.1108965477,0.7084449301,1,-1.507068353,-1.507069245,0.2475119026,-1.754581147,-1.680688295,-0.7843670825,0.7104745561,1.42950681e-10,5.478007034,1.000000425,0.9263461445,-0.08014371358
0.387,0.1925962368,0.3828155423,0.1106109252,0.7085249379,1,-1.503612102,-1.503612958,0.2465648577,-1.750177816,-1.676594682,-0.7825115282,0.7089287192,1.314288987e-10,5.480219965,1.00000001,0.9267261303,-0.07985248817
0.386,0.1920912701,0.3818242332,0.1103253035,0.7086046357,1,-1.500165382,-1.500166265,0.2456069291,-1.745773194,-1.672498816,-0.7806545089,0.7073804556,1.136068591e-10,5.482424848,1.000000399,0.9271051275,-0.07957879539
0.385,0.1915863608,0.3808329395,0.1100396825,0.7086840961,1,-1.496715632,-1.496716481,0.2446507462,-1.741367227,-1.668400672,-0.7787960094,0.7058297773,3.026245288e-10,5.484622821,0.999999998,0.9274831361,-0.07931553742
0.384,0.1910815088,0.3798416611,0.1097540621,0.7087632673,1,-1.493255373,-1.493256226,0.2437037568,-1.736959983,-1.664300298,-0.7769360578,0.7042766955,1.00936838e-10,5.486813069,1.000000043,0.9278601562,-0.07904487922
0.383,0.1905767139,0.3788503981,0.1094684424,0.7088421864,1,-1.489789598,-1.489790455,0.2427609975,-1.732551452,-1.660197704,-0.7750746579,0.7027212314,1.424044204e-10,5.488996428,0.9999995947,0.9282361879,-0.07876786529
0.382,0.190071976,0.3778591505,0.1091828233,0.7089208036,1,-1.486314212,-1.48631506,0.2418265693,-1.728141629,-1.656092867,-0.7732117998,0.7011633591,2.708548429e-10,5.49117158,0.9999999738,0.9286112312,-0.07848129414
0.381,0.1895672949,0.3768679181,0.1088972047,0.7089991495,1,-1.482840889,-1.482841731,0.2408887992,-1.72373053,-1.65198583,-0.7713475032,0.6996031226,1.214540162e-10,5.493340059,0.9999995872,0.9289852862,-0.07820856654
0.38,0.1890626704,0.375876701,0.1086115867,0.7090772214,1,-1.479353624,-1.479354463,0.2399637048,-1.719318168,-1.647876585,-0.7694817677,0.6980405037,1.197925464e-10,5.495500468,1.000000009,0.9293583528,-0.07792538941
0.379,0.1885581024,0.3748854991,0.1083259692,0.7091550008,1,-1.475877824,-1.47587866,0.2390258864,-1.714904547,-1.643765156,-0.7676146035,0.6964755304,2.974132925e-10,5.497653902,1.000000003,0.9297304313,-0.07766234971
0.378,0.1880535907,0.3738943125,0.1080403521,0.7092325466,1,-1.472397976,-1.472398803,0.2380908692,-1.710489672,-1.639651546,-0.7657460141,0.6949082053,1.627867635e-10,5.499799982,0.9999999767,0.9301015216,-0.07739809035
0.377,0.1875491351,0.372903141,0.1077547355,0.7093097975,1,-1.468899532,-1.46890036,0.2371732026,-1.706073563,-1.635535775,-0.7638760093,0.693338538,1.936493043e-10,5.501938714,1.000000011,0.9304716237,-0.07711440066
0.376,0.1870447356,0.3719119847,0.1074691194,0.709386776,1,-1.465402994,-1.465403814,0.2362524018,-1.701656216,-1.631417846,-0.7620045908,0.691766536,1.911442992e-10,5.504070192,0.9999999925,0.9308407378,-0.07684341904
0.375,0.1865403919,0.3709208435,0.1071835036,0.7094634849,1,-1.461902435,-1.461903253,0.2353343928,-1.697237646,-1.627297773,-0.7601317677,0.6901922093,2.203311765e-10,5.506194359,1.000000009,0.9312088639,-0.07657147791
0.374,0.1860361039,0.3699297174,0.1068978882,0.7095399195,1,-1.458397049,-1.458397859,0.234419999,-1.692817858,-1.623175566,-0.7582575437,0.6886155651,1.332524235e-10,5.508311249,0.9999999754,0.9315760021,-0.07630209835
0.373,0.1855318714,0.3689386064,0.1066122731,0.7096160896,1,-1.454890503,-1.454891314,0.2335055527,-1.688396867,-1.619051239,-0.7563819282,0.6870366133,1.050642196e-10,5.510420811,0.9999999991,0.9319421523,-0.07603281143
0.372,0.1850276943,0.3679475105,0.1063266584,0.7096919856,1,-1.451376777,-1.451377578,0.2325970932,-1.683974671,-1.614924799,-0.7545049236,0.6854553633,2.144338373e-10,5.512523208,0.999999997,0.9323073148,-0.0757609554
0.371,0.1845235725,0.3669564295,0.1060410439,0.7097676121,1,-1.44785717,-1.447857973,0.2316933169,-1.67955129,-1.610796262,-0.7526265394,0.6838718221,1.151519485e-10,5.514618269,1.000000013,0.9326714894,-0.07548960989
0.37,0.1840195056,0.3659653636,0.1057554297,0.7098429654,1,-1.444338279,-1.444339071,0.2307876471,-1.675126718,-1.606665631,-0.7507467778,0.682286,1.90035253e-10,5.516706218,0.9999999775,0.9330346763,-0.07522146531
0.369,0.1835154937,0.3649743127,0.1054698157,0.7099180556,1,-1.440814167,-1.440814962,0.2298860154,-1.670700977,-1.602532925,-0.7488656486,0.6806979049,2.436651264e-10,5.518786856,1.000000033,0.9333968756,-0.07495470356
0.368,0.1830115365,0.3639832766,0.1051842018,0.7099928753,1,-1.437284309,-1.437285094,0.2289889689,-1.666274063,-1.598398146,-0.7469831535,0.6791075449,1.167967937e-10,5.520860383,0.9999999875,0.9337580872,-0.07468478604
0.367,0.1825076339,0.3629922555,0.1048985882,0.7100674257,1,-1.433749565,-1.433750347,0.2280956462,-1.661845993,-1.594261313,-0.7450993026,0.67751493,1.474364721e-10,5.522926679,0.9999999798,0.9341183112,-0.07441952828
0.366,0.1820037857,0.3620012493,0.1046129747,0.7101417149,1,-1.430209185,-1.430209968,0.2272068057,-1.657416774,-1.590122435,-0.7432141006,0.6759200679,2.504932522e-10,5.524985784,0.999999973,0.9344775477,-0.07414396496
0.365,0.1814999918,0.3610102579,0.1043273613,0.7102157141,1,-1.426670283,-1.426671059,0.2263153425,-1.652986402,-1.585981511,-0.7413275479,0.6743229632,2.085009415e-10,5.527037708,0.999999994,0.9348357968,-0.07387739779
0.364,0.180996252,0.3600192814,0.104041748,0.7102894703,1,-1.423138658,-1.423139411,0.2254154796,-1.64855489,-1.581838564,-0.7394396561,0.6727236344,1.602370811e-10,5.529082806,0.9999996378,0.9351930585,-0.07363686392
0.363,0.1804925662,0.3590283197,0.1037561348,0.7103629884,1,-1.419582304,-1.419583089,0.2245391989,-1.644122288,-1.577693627,-0.7375504442,0.6711220868,2.024828903e-10,5.531120185,0.9999999872,0.9355493328,-0.07336059389
0.362,0.1799889342,0.3580373727,0.1034705216,0.7104361919,1,-1.416029146,-1.416029883,0.223658646,-1.639688529,-1.57354666,-0.7356598902,0.6695183237,1.554380808e-10,5.533151051,0.9999996293,0.9359046199,-0.07309341737
0.361,0.1794853558,0.3570464405,0.1031849084,0.7105091759,1,-1.412465278,-1.412466059,0.2227876489,-1.635253708,-1.569397732,-0.7337680324,0.6679123585,2.755295344e-10,5.535173926,1.000000344,0.9362589197,-0.0728198281
0.36,0.1789818308,0.356055523,0.1028992952,0.7105818321,1,-1.408895248,-1.408896,0.2219217375,-1.630817737,-1.565246786,-0.7318748393,0.6663041896,1.917116501e-10,5.53719026,1.000000355,0.9366122323,-0.07254377322
0.359,0.1784783593,0.3550646202,0.102613682,0.7106542639,1,-1.405334348,-1.405335094,0.2210455807,-1.626380674,-1.561093878,-0.7299803409,0.6646938447,1.574174145e-10,5.539199908,0.9999999383,0.9369645577,-0.07228681681
0.358,0.1779749408,0.354073732,0.1023280687,0.7107264062,1,-1.401779421,-1.401780177,0.2201623542,-1.621942531,-1.556939003,-0.7280845368,0.6630813086,2.273849431e-10,5.541201753,1.000000359,0.9373158961,-0.07204123785
0.357,0.1774715754,0.3530828585,0.1020424553,0.7107983469,1,-1.398216112,-1.398216839,0.2192864474,-1.617503286,-1.552782172,-0.7261874303,0.6614666149,2.036277247e-10,5.543197452,0.9999996216,0.9376662475,-0.07178819899
0.356,0.1769682629,0.3520919996,0.1017568418,0.7108699832,1,-1.394619474,-1.394620223,0.2184427752,-1.613062998,-1.548623414,-0.7242890394,0.659849753,1.21600861e-10,5.545185286,0.9999999759,0.9380156119,-0.07149917879
0.355,0.176465003,0.3511011552,0.1014712282,0.7109413458,1,-1.391038431,-1.391039163,0.21758246,-1.608621623,-1.544462707,-0.7223893521,0.6582307332,1.260378e-10,5.547166283,0.9999999991,0.9383639894,-0.07123861257
0.354,0.1759617957,0.3501103254,0.1011856144,0.711012461,1,-1.387462334,-1.387463062,0.2167161312,-1.604179193,-1.540300084,-0.7204883859,0.6566095725,3.147385834e-10,5.549140345,1.000000004,0.93871138,-0.07098319265
0.353,0.1754586408,0.3491195101,0.1009000004,0.7110833127,1,-1.383875047,-1.383875773,0.2158599438,-1.599735717,-1.536135552,-0.7185861451,0.6549862757,1.974066242e-10,5.551107359,1.000000003,0.9390577838,-0.07072268973
0.352,0.1749555381,0.3481287093,0.1006143862,0.7111539069,1,-1.380283623,-1.380284346,0.2150068512,-1.595291197,-1.53196912,-0.7166826343,0.6533608507,1.954633268e-10,5.55306737,1.000000031,0.9394032009,-0.07046546628
0.351,0.1744524875,0.3471379229,0.1003287718,0.7112242441,1,-1.3766904,-1.37669112,0.214154519,-1.590845639,-1.527800794,-0.7147778579,0.6517333064,1.405345576e-10,5.555020462,1.000000027,0.9397476312,-0.0702057386
0.35,0.1739494888,0.346147151,0.1000431571,0.7112943189,1,-1.373091863,-1.373092574,0.2133064729,-1.586399047,-1.523630583,-0.7128718206,0.6501036488,2.496528781e-10,5.55696659,0.9999999846,0.9400910749,-0.06994347757
0.349,0.1734465419,0.3451563934,0.09975754218,0.7113641316,1,-1.369490272,-1.369490985,0.2124604553,-1.58195144,-1.519458506,-0.710964532,0.648471889,1.791941097e-10,5.558905706,0.9999999961,0.940433532,-0.06968272969
0.348,0.1729436466,0.3441656502,0.09947192692,0.7114336848,1,-1.365883297,-1.365884003,0.2116188108,-1.577502814,-1.515284564,-0.7090559942,0.6468380339,2.258855232e-10,5.560837916,1.00000001,0.9407750026,-0.06942853231
0.347,0.1724408027,0.3431749214,0.09918631134,0.7115029892,1,-1.362274831,-1.362275535,0.2107776469,-1.573053182,-1.511108769,-0.7071462141,0.6452020909,1.223757568e-10,5.562763145,1.000000014,0.9411154867,-0.06917335952
0.346,0.1719380101,0.3421842068,0.09890069541,0.7115720321,1,-1.358663358,-1.358664057,0.209938491,-1.568602548,-1.506931132,-0.7052351969,0.6435640698,1.557275264e-10,5.56468149,1.000000008,0.9414549843,-0.06891229969
0.345,0.1714352687,0.3411935066,0.09861507911,0.7116408143,1,-1.355050754,-1.355051445,0.2090994765,-1.564150922,-1.502751664,-0.7033229489,0.6419239791,1.32113512e-10,5.566592941,1.000000016,0.9417934955,-0.06866140361
0.344,0.1709325782,0.3402028206,0.09832946242,0.7117093554,1,-1.351426911,-1.351427618,0.2082707001,-1.559698318,-1.498570382,-0.7014094796,0.6402818304,1.718451213e-10,5.56849754,0.9999999699,0.9421310204,-0.06839961207
0.343,0.1704299386,0.3392121487,0.09804384531,0.711777614,1,-1.347800209,-1.34780088,0.207443825,-1.555244705,-1.494387261,-0.6994947763,0.6386376189,1.507500478e-10,5.570395426,0.9999996477,0.9424675591,-0.06813454805
0.342,0.1699273497,0.3382214911,0.09775822777,0.711845625,1,-1.344190026,-1.344190706,0.2065994481,-1.550790154,-1.490202363,-0.697578872,0.6369913654,1.377585774e-10,5.57228594,1.000000007,0.9428031115,-0.06790024835
0.341,0.1694248112,0.3372308477,0.09747260977,0.711913415,1,-1.340552604,-1.340553297,0.2057813502,-1.546334647,-1.486015679,-0.6956617628,0.6353430785,9.650402368e-11,5.57416959,1.000000336,0.9431376777,-0.06763994713
0.34,0.1689223232,0.3362402183,0.0971869913,0.7119809054,1,-1.336906283,-1.336906976,0.2049711813,-1.541878157,-1.481827192,-0.6937434397,0.6336927576,1.981952563e-10,5.576046731,1.000000321,0.9434712578,-0.06736563696
0.339,0.1684198853,0.3352496031,0.09690137233,0.7120481468,1,-1.333281057,-1.333281708,0.2041389757,-1.537420684,-1.477636908,-0.6918239059,0.6320404123,2.021663211e-10,5.577917477,0.9999996692,0.9438038518,-0.06712458071
0.338,0.1679174975,0.3342590019,0.09661575284,0.7121151551,1,-1.329636165,-1.329636841,0.2033254687,-1.53296231,-1.473444889,-0.6899031956,0.6303860564,1.346169946e-10,5.579780646,0.9999999872,0.9441354598,-0.06686954581
0.337,0.1674151596,0.3332684147,0.09633013281,0.7121818863,1,-1.325988892,-1.325989555,0.2025134302,-1.528502985,-1.46925111,-0.6879812951,0.6287297005,2.383362362e-10,5.5816376,0.9999996367,0.9444660819,-0.06660812376
0.336,0.1669128714,0.3322778416,0.09604451222,0.7122483719,1,-1.322351297,-1.32235197,0.2016907643,-1.524042734,-1.465055581,-0.6860582106,0.627071337,1.004364973e-10,5.583487079,1.000000015,0.944795718,-0.06636600034
0.335,0.1664106328,0.3312872824,0.09575889104,0.7123146188,1,-1.318699854,-1.31870049,0.2008810466,-1.519581537,-1.460858302,-0.6841339419,0.6254109861,2.227477996e-10,5.585330291,0.9999997099,0.9451243683,-0.06611305844
0.334,0.1659084436,0.3302967371,0.09547326927,0.7123805986,1,-1.315044508,-1.315045181,0.2000742857,-1.515119466,-1.456659332,-0.6822085216,0.6237486657,1.203824806e-10,5.587166483,0.9999999673,0.9454520327,-0.06585985318
0.333,0.1654063038,0.3293062058,0.09518764688,0.712446339,1,-1.311394826,-1.311395474,0.1992609754,-1.510656449,-1.452458612,-0.6802819181,0.6220843587,2.769914694e-10,5.588995886,1.000000018,0.9457787114,-0.06561678821
0.332,0.164904213,0.3283156883,0.09490202385,0.7125118326,1,-1.307729055,-1.307729702,0.1984628319,-1.506192534,-1.448256192,-0.6783541579,0.6204180913,1.384831023e-10,5.590818644,0.999999986,0.9461044044,-0.06535845136
0.331,0.1644021712,0.3273251847,0.09461640016,0.7125770564,1,-1.304061385,-1.304062028,0.1976656938,-1.501727722,-1.444052071,-0.6764252424,0.6187498669,2.033641372e-10,5.592634702,0.9999999796,0.9464291117,-0.06510257228
0.33,0.1639001782,0.3263346949,0.09433077579,0.7126420383,1,-1.300400726,-1.300401367,0.1968606532,-1.49726202,-1.439846262,-0.6744951773,0.6170796933,1.095532449e-10,5.594443992,0.999999981,0.9467528334,-0.06485741476
0.329,0.1633982339,0.3253442189,0.09404515073,0.7127067717,1,-1.296731471,-1.296732109,0.1960633241,-1.492795433,-1.43563877,-0.6725639668,0.6154075778,1.122381e-10,5.596246546,1.000000001,0.9470755696,-0.06460918731
0.328,0.162896338,0.3243537566,0.09375952495,0.7127712571,1,-1.29305898,-1.293059613,0.1952683518,-1.488327965,-1.431429605,-0.6706316154,0.6137335281,1.240380725e-10,5.598042418,0.9999999914,0.9473973203,-0.06435942595
0.327,0.1623944906,0.3233633081,0.09347389844,0.712835491,1,-1.28938493,-1.28938556,0.1944740658,-1.483859626,-1.427218777,-0.6686981303,0.6120575534,1.177032742e-10,5.599831587,1.000000007,0.9477180855,-0.06411257125
0.326,0.1618926913,0.3223728732,0.09318827117,0.7128994828,1,-1.285705721,-1.285706347,0.1936840742,-1.479390421,-1.423006295,-0.6667635159,0.6103796612,1.374063191e-10,5.601614088,1.000000008,0.9480378653,-0.06386300103
0.325,0.16139094,0.321382452,0.09290264313,0.7129632175,1,-1.282023355,-1.282023981,0.1928963763,-1.474920357,-1.418792168,-0.6648277773,0.6086998583,2.180721811e-10,5.603389885,1.000000035,0.9483566598,-0.06361497899
0.324,0.1608892367,0.3203920444,0.0926170143,0.7130267132,1,-1.278338921,-1.278339539,0.1921098969,-1.470449436,-1.414576402,-0.6628909183,0.6070181538,9.435614779e-11,5.60515912,0.9999999862,0.9486744689,-0.0633682885
0.323,0.160387581,0.3194016504,0.09233138467,0.7130899546,1,-1.274651695,-1.274652311,0.1913253596,-1.46597767,-1.41035901,-0.6609529463,0.6053345541,1.608991255e-10,5.60692161,1.00000002,0.9489912929,-0.06312037628
0.322,0.159885973,0.31841127,0.09204575421,0.7131529545,1,-1.27096261,-1.270963224,0.190541841,-1.461505065,-1.40614,-0.659013866,0.6036490686,1.610494482e-10,5.608677492,1.000000005,0.9493071316,-0.06287710419
0.321,0.1593844123,0.3174209031,0.09176012292,0.7132157093,1,-1.267265704,-1.267266313,0.1897653098,-1.457031622,-1.401919379,-0.6570736815,0.6019617047,1.036120886e-10,5.610426801,1.000000012,0.9496219851,-0.06262815637
0.32,0.158882899,0.3164305497,0.09147449076,0.7132782113,1,-1.26356817,-1.263568779,0.1889885744,-1.452557353,-1.397697157,-0.6551323987,0.6002724685,2.011957864e-10,5.61216941,1.000000028,0.9499358536,-0.06238412432
0.319,0.1583814327,0.3154402097,0.09118885773,0.713340478,1,-1.259876326,-1.259876925,0.1882053318,-1.448082256,-1.39347334,-0.6531900208,0.598581369,2.424909232e-10,5.613905505,0.9999999984,0.950248737,-0.06215048564
0.318,0.1578800134,0.3144498832,0.0909032238,0.7134025127,1,-1.256167395,-1.256168004,0.1874383472,-1.443606351,-1.389247945,-0.6512465574,0.5968884149,1.055089975e-10,5.615634894,1.000000012,0.9505606355,-0.06189713072
0.317,0.157378641,0.3134595701,0.09061758897,0.7134642727,1,-1.252454295,-1.252454878,0.1866747381,-1.439129616,-1.385020962,-0.6493020041,0.5951936129,1.933875279e-10,5.617358127,0.9999996581,0.950871549,-0.06164266299
0.316,0.1568773151,0.3124692703,0.09033195321,0.7135257985,1,-1.24875924,-1.248759837,0.1858922659,-1.434652103,-1.380792429,-0.6473563813,0.5934969692,1.842482177e-10,5.619074157,1.000000002,0.9511814776,-0.06141234112
0.315,0.1563760358,0.3114789839,0.0900463165,0.7135870978,1,-1.245049364,-1.245049955,0.1851238278,-1.430173783,-1.376562334,-0.6454096827,0.5917984951,1.478348127e-10,5.620783892,1.000000016,0.9514904213,-0.06117182273
0.314,0.1558748028,0.3104887107,0.08976067884,0.7136481427,1,-1.241312276,-1.241312856,0.1843818095,-1.425694666,-1.372330687,-0.6434619143,0.5900981957,1.22271251e-10,5.622487174,0.9999999803,0.9517983803,-0.06090531571
0.313,0.155373616,0.3094984508,0.08947504021,0.713708909,1,-1.237591033,-1.23759163,0.1836231439,-1.421214774,-1.368097505,-0.6415130863,0.588396077,1.322015359e-10,5.624183622,1.000000321,0.9521053545,-0.06065772451
0.312,0.1548724752,0.3085082042,0.08918940059,0.7137694586,1,-1.233891553,-1.233892114,0.1828419591,-1.416734073,-1.363862773,-0.6395631899,0.5866921477,1.093174519e-10,5.625874035,1.000000011,0.952411344,-0.06043773125
0.311,0.1543713804,0.3075179708,0.08890375996,0.7138297849,1,-1.230178739,-1.230179335,0.1820732992,-1.412252635,-1.359626544,-0.6376122548,0.5849864223,1.252365308e-10,5.627557458,1.00000032,0.9527163488,-0.06021317107
0.31,0.1538703312,0.3065277505,0.08861811831,0.7138898853,1,-1.22644667,-1.226447226,0.1813231598,-1.407770386,-1.355388773,-0.6356602566,0.5832789003,1.706331168e-10,5.62923511,0.9999996707,0.9530203691,-0.05996631308
0.309,0.1533693277,0.3055375434,0.08833247563,0.713949718,1,-1.222718868,-1.222719444,0.1805679634,-1.403287407,-1.351149515,-0.633707226,0.5815695896,1.945566362e-10,5.630905503,0.9999999814,0.9533234048,-0.0597189549
0.308,0.1528683695,0.3045473493,0.0880468319,0.7140093237,1,-1.218991573,-1.218992137,0.1798115227,-1.39880366,-1.346908752,-0.6317531533,0.5798585005,1.588866677e-10,5.632569663,0.9999999838,0.953625456,-0.05948956655
0.307,0.1523674567,0.3035571683,0.0877611871,0.7140686976,1,-1.215245898,-1.215246464,0.1790727015,-1.394319166,-1.342666504,-0.6297980501,0.5781456426,1.89327362e-10,5.634227411,0.9999999776,0.9539265228,-0.05923619439
0.306,0.1518665889,0.3025670004,0.08747554122,0.7141277965,1,-1.211499802,-1.211500365,0.178333555,-1.38983392,-1.338422769,-0.6278419153,0.5764310172,1.639520608e-10,5.635878679,0.9999999611,0.9542266051,-0.05897982822
0.305,0.1513657661,0.3015768454,0.08718989425,0.7141866578,1,-1.207764733,-1.207765287,0.1775826405,-1.385347928,-1.334177553,-0.625884753,0.5747146312,6.453516178e-11,5.637523419,1.000000025,0.9545257031,-0.05875079601
0.304,0.1508649881,0.3005867034,0.08690424618,0.7142452986,1,-1.204027506,-1.204028061,0.1768331443,-1.380861206,-1.329930878,-0.623926575,0.5729964996,8.980286248e-11,5.639161786,1.000000022,0.9548238169,-0.05851806981
0.303,0.1503642548,0.2995965744,0.08661859697,0.7143036944,1,-1.200284558,-1.200285106,0.1760886281,-1.376373734,-1.325682732,-0.6219673762,0.5712766254,2.308890899e-10,5.640793765,0.9999999932,0.9551209463,-0.05828165914
0.302,0.149863566,0.2986064583,0.08633294664,0.7143618624,1,-1.196538391,-1.19653894,0.1753466212,-1.371885561,-1.321433153,-0.620007176,0.5695550184,1.954501001e-10,5.642419281,1.000000007,0.9554170915,-0.05804549113
0.301,0.1493629216,0.297616355,0.08604729516,0.7144197858,1,-1.192788163,-1.192788708,0.1746079756,-1.367396684,-1.317182143,-0.6180459758,0.567831684,8.062268689e-11,5.644038405,1.000000003,0.9557122526,-0.05780719419
0.3,0.1488623213,0.2966262645,0.08576164251,0.7144774772,1,-1.189035771,-1.189036312,0.1738707644,-1.362907076,-1.312929688,-0.6160837701,0.5661066296,1.455983316e-10,5.64565112,1.000000018,0.9560064296,-0.05757079246
0.299,0.1483617651,0.2956361868,0.08547598868,0.7145349278,1,-1.185276607,-1.185277148,0.1731396141,-1.358416762,-1.308675809,-0.6141205701,0.5643798639,2.22975008e-10,5.647257494,0.9999999937,0.9562996225,-0.05733246305
0.298,0.1478612528,0.2946461219,0.08519033367,0.7145921426,1,-1.181520429,-1.18152096,0.1724047806,-1.353925741,-1.304420508,-0.6121563778,0.562651392,6.330004606e-11,5.648857508,0.9999999978,0.9565918314,-0.0571004032
0.297,0.1473607843,0.2936560697,0.08490467745,0.7146491291,1,-1.177760672,-1.177761207,0.171672823,-1.34943403,-1.300163805,-0.6101912031,0.5609212242,2.256230838e-10,5.650451092,1.000000011,0.9568830564,-0.05686353252
0.296,0.1468603593,0.2926660302,0.08461902001,0.7147058701,1,-1.173996183,-1.173996711,0.1709449108,-1.344941622,-1.295905697,-0.6082250455,0.5591893648,1.573841267e-10,5.652038352,0.9999999979,0.9571732974,-0.05662613187
0.295,0.1463599778,0.2916760034,0.08433336135,0.7147623818,1,-1.17023106,-1.170231587,0.1702169436,-1.34044853,-1.291646197,-0.6062579129,0.5574558234,1.682027101e-10,5.653619255,1.000000016,0.9574625545,-0.05639382736
0.294,0.1458596395,0.2906859892,0.08404770145,0.7148186582,1,-1.166463359,-1.166463879,0.1694908764,-1.335954755,-1.28738531,-0.6042898082,0.5557206061,1.623622456e-10,5.65519386,0.9999999828,0.9577508279,-0.05616040461
0.293,0.1453593444,0.2896959875,0.0837620403,0.7148747031,1,-1.162694688,-1.162695212,0.1687650984,-1.331460311,-1.283123051,-0.6023207396,0.5539837222,1.788620621e-10,5.656762083,1.000000019,0.9580381174,-0.05592600659
0.292,0.1448590922,0.2887059985,0.08347637788,0.7149305107,1,-1.158919755,-1.158920271,0.1680449169,-1.326965187,-1.278859416,-0.6003507056,0.5522451758,1.967996099e-10,5.65832407,1.000000015,0.9583244232,-0.05569199815
0.291,0.1443588829,0.2877160219,0.08319071419,0.7149860875,1,-1.1551435,-1.155144014,0.1673253882,-1.322469402,-1.274594422,-0.5983797161,0.5505049765,1.231633418e-10,5.659879729,0.9999999916,0.9586097454,-0.05546032691
0.29,0.1438587163,0.2867260578,0.08290504921,0.7150414318,1,-1.151367408,-1.15136792,0.1666050372,-1.317972957,-1.270328074,-0.5964077739,0.5487631309,1.972814731e-10,5.661429086,0.9999999929,0.9588940839,-0.05522734487
0.289,0.1433585922,0.2857361062,0.08261938292,0.7150965426,1,-1.14758736,-1.147587867,0.1658879883,-1.313475855,-1.266060379,-0.5944348833,0.5470196457,2.013828787e-10,5.662972154,0.9999999995,0.9591774388,-0.05499514519
0.288,0.1428585105,0.284746167,0.08233371533,0.7151514225,1,-1.143803002,-1.143803508,0.1651745979,-1.308978106,-1.261791348,-0.5924610506,0.5452745298,1.592349588e-10,5.664508966,0.999999996,0.9594598102,-0.05476524478
0.287,0.142358471,0.2837562401,0.08204804641,0.7152060736,1,-1.140018908,-1.140019415,0.1644602955,-1.30447971,-1.257520983,-0.5904862783,0.5435277881,2.242116199e-10,5.666039491,1.000000018,0.9597411981,-0.05453622336
0.286,0.1418584735,0.2827663256,0.08176237616,0.7152604954,1,-1.13623135,-1.136231833,0.163748832,-1.299980665,-1.25324929,-0.5885105687,0.5417794294,2.475128074e-10,5.667563999,0.9999997356,0.9600216025,-0.05430083931
0.285,0.141358518,0.2817764234,0.08147670457,0.7153146757,1,-1.132434489,-1.132435001,0.1630460164,-1.295481017,-1.248976303,-0.586533942,0.5400294632,1.366481846e-10,5.669081697,1.000000271,0.9603010236,-0.05406154533
0.284,0.1408586042,0.2807865335,0.08119103162,0.7153686189,1,-1.128649008,-1.1286495,0.1623312078,-1.290980708,-1.244701984,-0.5845563772,0.5382778875,1.565047971e-10,5.670593521,1.000000254,0.9605794613,-0.05384328879
0.283,0.1403587321,0.2797966558,0.08090535731,0.7154223627,1,-1.124858549,-1.124859035,0.1616207408,-1.286479775,-1.240426365,-0.5825778926,0.5365247161,1.452602305e-10,5.672099024,1.000000297,0.9608569157,-0.05361993131
0.282,0.1398589014,0.2788067903,0.08061968162,0.7154758592,1,-1.121055855,-1.121056349,0.1609218844,-1.281978233,-1.236149464,-0.5805984977,0.5347699612,1.431265082e-10,5.673598471,1.000000264,0.9611333868,-0.05338383203
0.281,0.139359112,0.277816937,0.08033400454,0.7155291308,1,-1.117263141,-1.117263616,0.1602124479,-1.277476064,-1.231871268,-0.5786181867,0.5330136226,2.383866527e-10,5.67509185,1.000000001,0.9614088748,-0.05316108388
0.28,0.1388593638,0.2768270958,0.08004832607,0.7155821818,1,-1.113456248,-1.113456737,0.1595165674,-1.272973305,-1.227591809,-0.576636977,0.5312557118,2.399496148e-10,5.676578668,1.000000269,0.9616833795,-0.05292479619
0.279,0.1383596566,0.2758372667,0.07976264619,0.7156349808,1,-1.109644883,-1.109645378,0.1588245484,-1.268469926,-1.223311067,-0.5746548591,0.5294962301,2.220383883e-10,5.678059476,1.000000282,0.9619569011,-0.05268647264
0.278,0.1378599902,0.2748474497,0.0794769649,0.7156875551,1,-1.105846676,-1.105847133,0.1581187827,-1.263965916,-1.219029039,-0.5726718307,0.5277351828,1.71661948e-10,5.679534513,0.9999997304,0.9622294397,-0.0524727845
0.277,0.1373603646,0.2738576447,0.07919128218,0.7157399268,1,-1.102043936,-1.102044409,0.1574169388,-1.259461347,-1.214745782,-0.5706879236,0.5259725863,1.273210213e-10,5.681002731,1.000000011,0.9625009952,-0.05225876001
0.276,0.1368607795,0.2728678516,0.07890559803,0.7157920731,1,-1.098227201,-1.098227684,0.1567285057,-1.254956189,-1.210461281,-0.5687031304,0.5242084493,9.205280354e-11,5.682465123,0.9999999829,0.9627715678,-0.05201795361
0.275,0.1363612348,0.2718780705,0.07861991243,0.7158439631,1,-1.094420886,-1.094421341,0.1560290796,-1.25045042,-1.206175517,-0.5667174413,0.5224427649,1.520166248e-10,5.683921473,0.9999997448,0.9630411574,-0.05179677279
0.274,0.1358617304,0.2708883014,0.07833422538,0.7158956671,1,-1.090603849,-1.090604326,0.1553397705,-1.245944096,-1.20188854,-0.5647308836,0.5206755536,1.829929127e-10,5.68537133,0.9999999897,0.9633097641,-0.05157151384
0.273,0.135362266,0.2698985441,0.07804853686,0.7159471066,1,-1.086772273,-1.08677273,0.1546644411,-1.241437171,-1.197600319,-0.5627434409,0.5189068134,2.618659829e-10,5.68681548,0.9999997247,0.963577388,-0.05132732939
0.272,0.1348628416,0.2689087986,0.07776284688,0.7159983222,1,-1.082959473,-1.082959933,0.1539697513,-1.236929684,-1.193310882,-0.5607551297,0.5171365517,2.55720905e-10,5.688253047,1.000000011,0.963844029,-0.05110885083
0.271,0.134363457,0.2679190649,0.07747715542,0.7160493247,1,-1.079141089,-1.079141541,0.1532800872,-1.232421628,-1.189020234,-0.5587659524,0.515364782,1.244345753e-10,5.689684741,0.9999999985,0.9641096873,-0.05088931083
0.27,0.133864112,0.2669293431,0.07719146246,0.7161001012,1,-1.075307182,-1.075307652,0.1526053658,-1.227913018,-1.184728388,-0.5567759167,0.5135915089,2.273772909e-10,5.69111017,1.00000027,0.9643743629,-0.0506517851
0.269,0.1333648066,0.2659396329,0.07690576802,0.7161506286,1,-1.071499237,-1.071499672,0.1519041455,-1.223403818,-1.180435318,-0.5547850095,0.5118167312,1.667985776e-10,5.692529859,1,0.9646380558,-0.05044867038
0.268,0.1328655405,0.2649499344,0.07662007207,0.716200999,1,-1.067680157,-1.067680621,0.1512134743,-1.218894095,-1.176141082,-0.5527932623,0.5100404704,1.137011199e-10,5.693943063,1.000000256,0.9649007661,-0.05024092547
0.267,0.1323663135,0.2639602476,0.0763343746,0.7162511108,1,-1.063832258,-1.063832686,0.1505511061,-1.214383792,-1.171845641,-0.5508006544,0.5082627232,2.618316523e-10,5.695350845,0.9999997224,0.9651624938,-0.04999444775
0.266,0.1318671256,0.2629705724,0.07604867562,0.7163009883,1,-1.059997098,-1.059997563,0.1498754162,-1.209872979,-1.167549046,-0.5488072143,0.5064835003,1.899588275e-10,5.69675177,1.000000251,0.965423239,-0.04976577989
0.265,0.1313679767,0.2619809088,0.07576297511,0.7163506428,1,-1.056169841,-1.056170268,0.1491913149,-1.205361583,-1.163251251,-0.5468129174,0.5047028029,1.230080028e-10,5.698147387,0.999999761,0.9656830017,-0.04955251645
0.264,0.1308688664,0.2609912568,0.07547727306,0.7164000938,1,-1.052329082,-1.052329531,0.148520147,-1.200849678,-1.158952311,-0.5448177942,0.5029206445,1.372809865e-10,5.699536391,1.000000005,0.9659417819,-0.04932193843
0.263,0.1303697947,0.2600016162,0.07519156948,0.716449287,1,-1.048489583,-1.048490006,0.1478472134,-1.196337219,-1.154652199,-0.5428218308,0.5011370271,1.957316897e-10,5.700919766,0.9999997639,0.9661995798,-0.04910049239
0.262,0.1298707615,0.2590119872,0.07490586434,0.7164982952,1,-1.044652548,-1.044652991,0.1471712666,-1.191824257,-1.150350957,-0.5408250497,0.4993519647,9.066890953e-11,5.702296746,1.000000003,0.9664563953,-0.04888420009
0.261,0.1293717666,0.2580223695,0.07462015764,0.7165470558,1,-1.040812221,-1.040812647,0.1464981056,-1.187310752,-1.146048555,-0.5388274364,0.4975654538,1.816796386e-10,5.703667826,1.000000031,0.9667122284,-0.04866445262
0.26,0.1288728098,0.2570327633,0.07433444939,0.7165956246,1,-1.036972752,-1.036973183,0.1458235544,-1.182796738,-1.141745028,-0.536829009,0.495777513,1.746136824e-10,5.705033026,0.999999996,0.9669670793,-0.04845163804
0.259,0.128373891,0.2560431684,0.07404873956,0.7166439595,1,-1.033120974,-1.033121398,0.1451608018,-1.1782822,-1.137440363,-0.5348297624,0.4939881391,2.317776122e-10,5.706392184,0.9999999777,0.967220948,-0.04822351679
0.258,0.12787501,0.2550535848,0.07376302815,0.716692072,1,-1.029275045,-1.029275468,0.144491684,-1.173767152,-1.133134578,-0.5328297054,0.4921973427,2.838457958e-10,5.7077453,0.9999999986,0.9674738344,-0.04800381473
0.257,0.1273761667,0.2540640126,0.07347731516,0.7167399675,1,-1.025425582,-1.025426002,0.1438255943,-1.169251597,-1.128827675,-0.5308288413,0.4904051312,1.671245045e-10,5.709092511,0.9999999803,0.9677257388,-0.04778654997
0.256,0.126877361,0.2530744515,0.07319160059,0.7167876455,1,-1.02157218,-1.021572597,0.1431629405,-1.164735538,-1.124519663,-0.5288271743,0.4886115099,2.094442112e-10,5.71043369,0.9999999925,0.967976661,-0.0475671448
0.255,0.1263785926,0.2520849017,0.07290588441,0.7168351022,1,-1.017717482,-1.017717898,0.1425010827,-1.160218981,-1.120210549,-0.526824709,0.4868164864,1.226088036e-10,5.711768911,0.9999999971,0.9682266012,-0.0473470497
0.254,0.1258798615,0.2510953631,0.07262016664,0.71688234,1,-1.013862741,-1.013863153,0.1418387726,-1.155701926,-1.115900336,-0.5248214479,0.4850200665,1.425871102e-10,5.713098195,1.000000009,0.9684755593,-0.04712977546
0.253,0.1253811675,0.2501058356,0.07233444725,0.7169293621,1,-1.01000463,-1.01000504,0.1411793402,-1.15118438,-1.111589033,-0.5228173966,0.4832222579,1.39130856e-10,5.714421548,0.9999999948,0.9687235355,-0.04691218301
0.252,0.1248825104,0.2491163191,0.07204872626,0.7169761647,1,-1.006144357,-1.006144764,0.1405215831,-1.146666347,-1.107276648,-0.5208125591,0.4814230665,4.443844277e-11,5.715738939,0.9999999982,0.9689705298,-0.04669495261
0.251,0.12438389,0.2481268138,0.07176300364,0.7170227524,1,-1.002283841,-1.002284248,0.1398635848,-1.142147832,-1.102963186,-0.5188069399,0.4796224998,1.99696942e-10,5.717050405,1.000000011,0.9692165421,-0.0464790581
0.25,0.1238853064,0.2471373195,0.0714772794,0.7170691232,1,-0.9984203776,-0.9984207799,0.1392080562,-1.137628836,-1.098648653,-0.5168005418,0.4778205638,1.582603198e-10,5.718355991,1.000000001,0.9694615727,-0.04626137166
0.249,0.1233867592,0.2461478361,0.07119155353,0.7171152756,1,-0.9945551283,-0.9945555287,0.1385538367,-1.133109365,-1.094333056,-0.51479337,0.4760172654,4.370300943e-11,5.71965565,0.9999999955,0.9697056214,-0.04604244122
0.248,0.1228882483,0.2451583637,0.07090582603,0.7171612085,1,-0.9906881653,-0.9906885629,0.1379008602,-1.128589423,-1.090016402,-0.5127854281,0.4742126108,1.414598866e-10,5.720949398,0.9999999892,0.9699486884,-0.04582857287
0.247,0.1223897736,0.2441689022,0.07062009689,0.7172069331,1,-0.9868195801,-0.986819976,0.1372490379,-1.124069014,-1.085698697,-0.5107767205,0.4724066069,1.995704617e-10,5.722237239,1.000000009,0.9701907736,-0.04561415778
0.246,0.121891335,0.2431794516,0.0703343661,0.7172524372,1,-0.9829484632,-0.9829488554,0.1365992846,-1.11954814,-1.081379948,-0.5087672507,0.4705992603,1.24581719e-10,5.723519225,0.9999999959,0.9704318772,-0.04539702844
0.245,0.1213929323,0.2421900118,0.07004863366,0.7172977275,1,-0.9790765976,-0.9790769889,0.1359498191,-1.115026808,-1.077060161,-0.5067570238,0.4687905779,2.321715501e-10,5.724795322,0.9999999996,0.9706719991,-0.04518292989
0.244,0.1208945653,0.2412005828,0.06976289957,0.7173428034,1,-0.9752044453,-0.9752048329,0.1353001857,-1.110505019,-1.072739341,-0.5047460426,0.4669805656,2.151488434e-10,5.726065559,0.999999995,0.9709111394,-0.04496890637
0.243,0.1203962338,0.2402111645,0.06947716382,0.7173876657,1,-0.9713275113,-0.9713278972,0.1346548808,-1.105982778,-1.068417497,-0.5027343122,0.4651692307,1.556718544e-10,5.727329935,0.9999999973,0.9711492982,-0.04475391989
0.242,0.1198979379,0.239221757,0.06919142641,0.7174323116,1,-0.9674484198,-0.9674488032,0.1340112855,-1.101460089,-1.064094633,-0.5007218357,0.4633565789,1.14550536e-10,5.72858846,0.9999999869,0.9713864755,-0.04454003572
0.241,0.1193996772,0.2382323601,0.06890568733,0.7174767462,1,-0.9635689331,-0.963569314,0.1333676407,-1.096936955,-1.059770757,-0.4987086175,0.461542617,9.686665359e-11,5.729841136,1.000000001,0.9716226713,-0.04432640902
0.24,0.1189014516,0.2372429739,0.06861994659,0.7175209648,1,-0.9596873468,-0.959687726,0.1327256538,-1.09241338,-1.055445873,-0.4966946616,0.4597273516,8.662635957e-11,5.731087978,1.000000009,0.9718578857,-0.04411374775
0.239,0.118403261,0.2362535982,0.06833420416,0.717564974,1,-0.9558061381,-0.9558065134,0.1320828533,-1.087889367,-1.051119988,-0.4946799714,0.4579107891,1.577009304e-10,5.732329011,0.9999999903,0.9720921187,-0.04390180544
0.238,0.1179051053,0.2352642332,0.06804846006,0.7176087688,1,-0.9519225261,-0.9519228994,0.1314420224,-1.083364922,-1.046793111,-0.4926645523,0.4560929365,1.031817356e-10,5.733564216,0.9999999987,0.9723253703,-0.04368894086
0.237,0.1174069843,0.2342748786,0.06776271428,0.7176523523,1,-0.9480347319,-0.9480351051,0.130804943,-1.078840048,-1.042465246,-0.4906484076,0.4542737998,1.087085108e-10,5.734793578,1.000000009,0.9725576406,-0.04347736956
0.236,0.1169088978,0.2332855346,0.06747696682,0.7176957239,1,-0.944147755,-0.9441481224,0.1301666226,-1.074314745,-1.038136397,-0.4886315398,0.4524533851,9.872203998e-11,5.736017198,0.9999999982,0.9727889297,-0.04326498394
0.235,0.1164108457,0.2322962009,0.06719121766,0.7177388826,1,-0.9402591766,-0.940259545,0.1295294779,-1.069789023,-1.033806575,-0.4866139555,0.4506316997,1.305332641e-10,5.737234968,1.000000017,0.9730192375,-0.04305326221
0.234,0.1159128278,0.2313068777,0.06690546681,0.7177818308,1,-0.9363666494,-0.9363670134,0.1288958655,-1.065262879,-1.02947578,-0.4845956559,0.4488087493,5.464853772e-11,5.738447003,1.000000001,0.9732485642,-0.04284294509
0.233,0.1154148441,0.2303175649,0.06661971427,0.7178245689,1,-0.9324734171,-0.9324737792,0.1282625413,-1.06073632,-1.025144023,-0.4825766466,0.4469845404,7.798673999e-11,5.739653237,0.9999999891,0.9734769097,-0.04263363947
0.232,0.1149168942,0.2293282623,0.06633396003,0.7178670984,1,-0.9285788953,-0.9285792555,0.127630095,-1.056209351,-1.020811309,-0.4805569312,0.4451590798,8.008095586e-11,5.740853696,1.000000007,0.973704274,-0.04242189285
0.231,0.1144189782,0.2283389701,0.06604820409,0.717909413,1,-0.9246832163,-0.9246835737,0.1269983979,-1.051681972,-1.016477642,-0.4785365131,0.4433323732,9.666711706e-11,5.742048393,0.999999999,0.9739306574,-0.04221190339
0.23,0.1139210958,0.2273496881,0.06576244645,0.7179515226,1,-0.9207857756,-0.920786131,0.1263680572,-1.047154188,-1.012143031,-0.4765153968,0.4415044279,1.143543055e-10,5.743237349,0.999999997,0.9741560597,-0.04200286892
0.229,0.113423247,0.2263604163,0.06547668711,0.7179934191,1,-0.916886426,-0.9168867791,0.1257392242,-1.042626003,-1.00780748,-0.4744935858,0.4396752496,1.245345455e-10,5.744420554,0.9999999946,0.974380481,-0.04179376023
0.228,0.1129254314,0.2253711547,0.06519092605,0.7180351105,1,-0.9129855485,-0.9129858994,0.125111521,-1.03809742,-1.003470995,-0.472471084,0.4378448448,1.422575794e-10,5.745598014,1.000000009,0.9746039213,-0.04158452843
0.227,0.1124276491,0.2243819032,0.06490516329,0.7180765885,1,-0.9090838321,-0.9090841805,0.1244842623,-1.033568443,-0.9991335816,-0.4704478951,0.4360132198,4.899614033e-11,5.746769755,1.000000002,0.9748263808,-0.04137471516
0.226,0.1119298998,0.2233926618,0.06461939881,0.7181178603,1,-0.9051791784,-0.9051795249,0.1238595496,-1.029039074,-0.9947952471,-0.4684240233,0.434180381,1.055815316e-10,5.747935764,0.9999999937,0.9750478593,-0.0411683009
0.225,0.1114321834,0.2224034304,0.06433363262,0.7181589255,1,-0.9012745401,-0.9012748843,0.1232344337,-1.024509318,-0.9904559963,-0.4663994721,0.4323463346,9.5554214e-11,5.74909606,0.9999999908,0.9752683571,-0.04096068102
0.224,0.1109344998,0.2214142091,0.06404786471,0.718199782,1,-0.8973672189,-0.8973675607,0.1226116162,-1.019979177,-0.9861158354,-0.4643742453,0.4305110872,1.328959655e-10,5.750250662,0.9999999905,0.975487874,-0.04075119032
0.223,0.1104368488,0.2204249977,0.06376209509,0.7182404282,1,-0.8934570623,-0.8934574018,0.1219912533,-1.015448655,-0.98177477,-0.4623483469,0.4286746444,1.051459041e-10,5.751399541,1,0.9757064102,-0.04054466875
0.222,0.1099392302,0.2194357963,0.06347632374,0.7182808717,1,-0.889548768,-0.8895491061,0.1213686498,-1.010917756,-0.9774328067,-0.4603217808,0.4268370133,8.976971548e-11,5.752542734,1.000000004,0.9759239657,-0.04033950724
0.221,0.1094416439,0.2184466047,0.06319055068,0.7183211075,1,-0.8856364591,-0.8856367946,0.1207496866,-1.006386481,-0.9730899499,-0.4582945502,0.4249981997,1.110024154e-10,5.753680256,1.000000007,0.9761405404,-0.04013084698
0.22,0.1089440898,0.217457423,0.06290477589,0.7183611337,1,-0.881723793,-0.8817241252,0.1201307098,-1.001854835,-0.9687462056,-0.456266659,0.4231582096,8.234220823e-11,5.754812105,0.9999999901,0.9763561346,-0.03992504665
0.219,0.1084465677,0.2164682511,0.06261899938,0.718400958,1,-0.8778095767,-0.8778099083,0.1195129143,-0.9973228227,-0.9644015815,-0.4542381119,0.4213170499,9.823397492e-11,5.755938246,0.9999999988,0.9765707481,-0.03971989078
0.218,0.1079490775,0.215479089,0.06233322115,0.7184405738,1,-0.8738927878,-0.8738931167,0.1188973276,-0.9927904443,-0.9600560807,-0.4522089114,0.4194747261,1.486119853e-10,5.757058741,1.000000002,0.9767843811,-0.03951282444
0.217,0.107451619,0.2144899366,0.06204744119,0.718479984,1,-0.8699765029,-0.8699768296,0.1182808748,-0.9882577044,-0.9557097101,-0.4501790619,0.4176312451,6.407197839e-11,5.758173596,0.9999999981,0.9769970336,-0.03930817633
0.216,0.106954192,0.2135007939,0.0617616595,0.7185191905,1,-0.8660569886,-0.866057313,0.1176672931,-0.9837246061,-0.9513624752,-0.4481485669,0.4157866126,1.123987892e-10,5.759282793,1.000000005,0.9772087055,-0.03910425323
0.215,0.1064567965,0.2125116608,0.06147587609,0.7185581928,1,-0.8621368304,-0.862137153,0.1170539999,-0.9791911529,-0.9470143819,-0.4461174303,0.4139408351,9.910683989e-11,5.760386347,1.000000009,0.977419397,-0.0388995872
0.214,0.1059594322,0.2115225373,0.06119009095,0.71859699,1,-0.8582158484,-0.8582161689,0.1164411783,-0.9746573472,-0.9426654352,-0.4440856556,0.4120939186,9.49959864e-11,5.761484283,0.999999999,0.9776291081,-0.03869558031
0.213,0.1054620991,0.2105334235,0.06090430408,0.7186355843,1,-0.8542914749,-0.8542917926,0.1158313995,-0.9701231921,-0.9383156408,-0.4420532463,0.4102458691,1.205868694e-10,5.762576591,1,0.9778378388,-0.03849125841
0.212,0.1049647969,0.2095443191,0.06061851548,0.7186739729,1,-0.850367364,-0.8503676804,0.1152210115,-0.9655886919,-0.9339650047,-0.4400202066,0.4083966927,1.12354693e-10,5.763663243,1.000000006,0.9780455892,-0.03828614681
0.211,0.1044675256,0.2085552242,0.06033272516,0.7187121569,1,-0.8464424979,-0.8464428118,0.1146110365,-0.9610538483,-0.9296135321,-0.4379865398,0.4065463961,1.748157868e-10,5.764744324,1.000000014,0.9782523592,-0.03808315599
0.21,0.1039702849,0.2075661388,0.0600469331,0.7187501395,1,-0.8425145907,-0.842514903,0.114003762,-0.956518665,-0.9252612287,-0.4359522498,0.4046949851,1.280277402e-10,5.765819798,1.000000004,0.978458149,-0.03788163678
0.209,0.1034730747,0.2065770628,0.05976113932,0.7187879205,1,-0.8385854502,-0.8385857596,0.1133973846,-0.9519831442,-0.9209080994,-0.4339173398,0.4028424657,1.083469346e-10,5.76688968,0.9999999934,0.9786629586,-0.03767859817
0.208,0.1029758949,0.2055879961,0.05947534381,0.718825497,1,-0.8346545802,-0.8346548887,0.1127924019,-0.9474472906,-0.9165541507,-0.431881814,0.400988844,1.493174185e-10,5.76795395,1.000000005,0.9788667879,-0.03747541812
0.207,0.1024787454,0.2045989388,0.05918954657,0.7188628717,1,-0.8307245102,-0.8307248152,0.1121862896,-0.9429111048,-0.9121993864,-0.4298456753,0.399134126,1.695035748e-10,5.769012656,0.9999999887,0.9790696371,-0.03727270408
0.206,0.1019816259,0.2036098908,0.0589037476,0.7189000428,1,-0.8267922807,-0.8267925843,0.1115820082,-0.9383745925,-0.9078438143,-0.4278089284,0.3972783184,1.602150824e-10,5.770065785,0.999999988,0.9792715062,-0.03707150997
0.205,0.1014845364,0.202620852,0.05861794691,0.718937015,1,-0.8228581148,-0.8228584164,0.1109793391,-0.9338377555,-0.9034874383,-0.4257715762,0.3954214264,1.463676148e-10,5.77111331,1.000000006,0.9794723952,-0.0368711418
0.204,0.1009874766,0.2016318224,0.05833214448,0.7189737854,1,-0.8189226467,-0.8189229469,0.1103776494,-0.9293005963,-0.8991302641,-0.4237336224,0.3935634567,1.123973211e-10,5.772155293,0.9999999946,0.9796723041,-0.03666914548
0.203,0.1004904465,0.2006428019,0.05804634034,0.7190103536,1,-0.8149858644,-0.814986161,0.109776956,-0.924763117,-0.894772296,-0.4216950702,0.391704415,4.134142659e-11,5.773191742,0.9999999889,0.979871233,-0.03646903514
0.202,0.09999344593,0.1996537906,0.05776053446,0.7190467238,1,-0.8110475226,-0.8110478193,0.1091775041,-0.9202253234,-0.8904135418,-0.4196559243,0.3898443077,1.271358954e-10,5.77422261,1.000000001,0.9800691819,-0.03626857367
0.201,0.09949647465,0.1986647884,0.05747472686,0.7190828911,1,-0.8071088519,-0.807109145,0.1085780691,-0.9156872141,-0.8860540033,-0.4176161867,0.38798314,1.513636766e-10,5.775247966,0.9999999964,0.9802661509,-0.03606826849
0.2,0.09899953258,0.1976757952,0.05718891754,0.7191188606,1,-0.8031689449,-0.8031692364,0.1079795588,-0.9111487952,-0.8816936887,-0.4155758621,0.3861209188,8.635429074e-11,5.776267781,0.9999999915,0.98046214,-0.03586744593
0.199,0.09850261955,0.196686811,0.0569031065,0.7191546263,1,-0.7992249497,-0.7992252395,0.1073848293,-0.9066100687,-0.8773326022,-0.4135349537,0.3842576496,8.28002362e-11,5.777282054,0.9999999922,0.9806571492,-0.03566701998
0.198,0.09800573542,0.1956978357,0.05661729373,0.719190195,1,-0.7952831861,-0.7952834732,0.1067875637,-0.902071037,-0.8729707487,-0.411493465,0.3823933383,8.763060267e-11,5.778290803,0.9999999956,0.9808511785,-0.03546946047
0.197,0.09750888004,0.1947088694,0.05633147925,0.7192255655,1,-0.7913397609,-0.7913400467,0.1061916573,-0.897531704,-0.8686081348,-0.4094513999,0.3805279915,1.202659487e-10,5.779294046,0.9999999952,0.9810442281,-0.03527066145
0.196,0.09701205326,0.1937199119,0.05604566304,0.7192607366,1,-0.787393446,-0.7873937296,0.1055983418,-0.8929920714,-0.8642447644,-0.4074087616,0.3786616145,8.375035152e-11,5.780291761,1.000000016,0.9812362979,-0.03507085465
0.195,0.09651525494,0.1927309633,0.05575984512,0.7192957076,1,-0.7834472822,-0.7834475644,0.1050045779,-0.8884521423,-0.8598806433,-0.4053655536,0.3767942138,1.055020018e-10,5.781283995,1.000000013,0.9814273879,-0.0348725543
0.194,0.09601848493,0.1917420235,0.05547402549,0.719330482,1,-0.7794989587,-0.7794992386,0.1044126797,-0.8839119183,-0.8555157757,-0.4033217791,0.3749257948,1.102036018e-10,5.782270742,1.000000015,0.9816174982,-0.03467498558
0.193,0.09552174309,0.1907530924,0.05518820414,0.7193650578,1,-0.7755503792,-0.7755506561,0.1038207468,-0.8793714029,-0.8511501672,-0.4012774419,0.3730563636,1.01541588e-10,5.783252008,0.9999999925,0.9818066289,-0.03447704069
0.192,0.09502502925,0.18976417,0.05490238108,0.7193994364,1,-0.7715997666,-0.7716000428,0.1032305578,-0.8748306007,-0.8467838245,-0.3992325461,0.3711859266,1.268797213e-10,5.784227765,1.000000003,0.9819947799,-0.0342794482
0.191,0.09452834328,0.1887752563,0.05461655631,0.719433617,1,-0.7676479073,-0.7676481813,0.1026413305,-0.8702895118,-0.8424167505,-0.3971870942,0.3693144886,1.092008094e-10,5.78519803,1.000000007,0.9821819513,-0.03408111278
0.19,0.09403168504,0.1877863512,0.05433072984,0.7194675989,1,-0.7636947967,-0.7636950694,0.1020530703,-0.8657481397,-0.8380489515,-0.3951410902,0.3674420568,8.260370169e-11,5.786162866,0.9999999981,0.9823681432,-0.03388424031
0.189,0.09353505436,0.1867974547,0.05404490166,0.7195013858,1,-0.7597407955,-0.7597410646,0.1014654211,-0.8612064857,-0.8336804308,-0.3930945368,0.365568636,8.37129302e-11,5.787122235,1.000000006,0.9825533555,-0.03368902115
0.188,0.09303845111,0.1858085667,0.05375907178,0.7195349773,1,-0.7557878842,-0.7557881525,0.1008764032,-0.8566645557,-0.8293111965,-0.3910474388,0.3636942329,1.263487671e-10,5.788076124,1.000000011,0.9827375883,-0.03349140306
0.187,0.09254187513,0.1848196872,0.0534732402,0.7195683689,1,-0.7518310087,-0.7518312755,0.1002910746,-0.8521223501,-0.8249412519,-0.3889997989,0.3618188531,6.049066598e-11,5.789024577,1,0.9829208416,-0.03329485497
0.186,0.09204532629,0.1838308162,0.05318740692,0.7196015673,1,-0.7478735956,-0.7478738596,0.09970601099,-0.8475798706,-0.8205706011,-0.38695162,0.3599425021,8.060225866e-11,5.789967595,1.000000007,0.9831031155,-0.03310037688
0.185,0.09154880442,0.1828419536,0.05290157195,0.71963457,1,-0.7439148799,-0.743915142,0.09912197973,-0.8430371217,-0.8161992507,-0.3849029064,0.3580651862,7.940498608e-11,5.790905172,0.9999999968,0.98328441,-0.03290475385
0.184,0.0910523094,0.1818530993,0.05261573528,0.7196673771,1,-0.739958013,-0.7399582732,0.09853583275,-0.838494106,-0.8118272055,-0.3828536615,0.356186911,1.11889667e-10,5.791837282,1.00000001,0.9834647251,-0.03271372951
0.183,0.09055584106,0.1808642534,0.05232989693,0.7196999977,1,-0.7359981756,-0.7359984348,0.09795239121,-0.833950826,-0.8074544714,-0.3808038891,0.3543076837,1.096498364e-10,5.792764042,0.9999999846,0.9836440609,-0.03251902478
0.182,0.09005939926,0.1798754158,0.05204405689,0.7197324154,1,-0.7320298235,-0.7320300826,0.09737719998,-0.8294072826,-0.8030810498,-0.3787535908,0.3524275062,8.876403257e-11,5.793685182,1.000000157,0.9838224174,-0.03231501668
0.181,0.08956298385,0.1788865864,0.05175821517,0.719764628,1,-0.7280636344,-0.7280638911,0.09679958345,-0.8248634746,-0.7987069454,-0.3767027698,0.3505463881,1.669362442e-10,5.79460119,1.000000007,0.9839997946,-0.03211649372
0.18,0.08906659469,0.1778977652,0.05147237177,0.7197966487,1,-0.7241088798,-0.7241091259,0.0962102798,-0.8203194057,-0.7943321625,-0.3746514292,0.3486643326,1.575322022e-10,5.795511793,0.9999998325,0.9841761926,-0.03193569645
0.179,0.08857023164,0.1769089522,0.05118652669,0.7198284997,1,-0.7201469209,-0.720147176,0.09562791972,-0.8157750958,-0.7899567204,-0.3725995801,0.3467813505,1.123054693e-10,5.79641677,0.9999999962,0.9843516113,-0.03174511916
0.178,0.08807389453,0.1759201473,0.05090067994,0.7198601392,1,-0.7161659803,-0.7161662343,0.09506429127,-0.8112305255,-0.7855806059,-0.3705472163,0.3448974417,1.150370233e-10,5.797316439,0.9999999904,0.9845260509,-0.031531204
0.177,0.08757758323,0.1749313505,0.05061483152,0.7198915624,1,-0.7122020638,-0.7122023043,0.09448339174,-0.8066856961,-0.781203823,-0.3684943406,0.3430126116,1.004415368e-10,5.798210843,0.9999998406,0.9846995113,-0.03134108412
0.176,0.08708129759,0.1739425617,0.05032898143,0.7199228216,1,-0.7082453514,-0.7082456007,0.09389503233,-0.802140633,-0.7768263957,-0.3664409665,0.3411268724,1.473413565e-10,5.799099653,0.9999999908,0.9848719926,-0.03116368976
0.175,0.08658503746,0.1729537809,0.05004312969,0.71995389,1,-0.7042729168,-0.7042731608,0.09332215685,-0.7975953177,-0.7724483112,-0.3643870882,0.3392402243,1.414828157e-10,5.799983151,1.000000007,0.9850434948,-0.03096842653
0.174,0.0860888027,0.1719650081,0.04975727628,0.7199847588,1,-0.7003032616,-0.7003035027,0.09274625669,-0.7930497594,-0.7680695806,-0.3623327122,0.337352675,1.33460078e-10,5.800861318,1.000000001,0.985214018,-0.03077649118
0.173,0.08559259316,0.1709762431,0.04947142122,0.7200154433,1,-0.6963293925,-0.6963296354,0.09217432725,-0.7885039626,-0.7636902101,-0.3602778427,0.335464231,6.813799207e-11,5.801734127,0.9999999871,0.9853835621,-0.03057934646
0.172,0.08509640868,0.169987486,0.04918556451,0.7200459177,1,-0.6923501813,-0.6923504184,0.09160750413,-0.7839579226,-0.7593101978,-0.3582224794,0.3335748947,7.920348351e-11,5.802601546,0.9999999949,0.9855521273,-0.0303793684
0.171,0.08460024913,0.1689987368,0.04889970616,0.7200762023,1,-0.6883809401,-0.6883811792,0.09103047024,-0.7794116495,-0.7549295549,-0.3561666292,0.3316846739,7.661043416e-11,5.803463471,1.000000177,0.9857197135,-0.03019133433
0.17,0.08410411436,0.1680099953,0.04861384616,0.7201063007,1,-0.6844112633,-0.684411495,0.09045364308,-0.7748651381,-0.7505482824,-0.3541102932,0.3297935759,1.022667137e-10,5.80432035,1.000000009,0.9858863207,-0.03000398021
0.169,0.08360800422,0.1670212616,0.04832798452,0.7201362105,1,-0.6804342872,-0.6804345244,0.08988387766,-0.7703184021,-0.7461663911,-0.3520534782,0.3279016049,2.055975946e-10,5.805171611,1.000000173,0.9860519491,-0.0298124268
0.168,0.08311191857,0.1660325355,0.04804212125,0.7201659258,1,-0.6764587326,-0.6764589605,0.08931246863,-0.7657714291,-0.7417838763,-0.3499961823,0.3260087662,1.172998965e-10,5.80601779,1.000000011,0.9862165986,-0.0296249526
0.167,0.08261585725,0.1650438171,0.04775625635,0.7201954607,1,-0.6724826531,-0.6724828863,0.08874135036,-0.7612242366,-0.7374007539,-0.3479384149,0.3241150681,8.764544726e-11,5.806858563,0.9999999905,0.9863802692,-0.02943629269
0.166,0.08211982013,0.1640551063,0.04747038983,0.7202247986,1,-0.6685030061,-0.6685032332,0.08817357959,-0.7566768128,-0.733017016,-0.3458801724,0.3222205107,1.627022921e-10,5.807693929,0.9999999931,0.986542961,-0.02924143301
0.165,0.08162380705,0.1630664031,0.04718452169,0.7202539438,1,-0.6645229075,-0.6645231341,0.08760603429,-0.7521291684,-0.7286326755,-0.3438214627,0.3203251041,1.305413371e-10,5.808523995,0.9999999997,0.9867046741,-0.02905018466
0.164,0.08112781787,0.1620777074,0.04689865193,0.7202828993,1,-0.6605424438,-0.6605426685,0.08703863466,-0.7475813031,-0.7242477347,-0.3417622877,0.3184288527,8.162590836e-11,5.80934876,1,0.9868654084,-0.02886049195
0.163,0.08063185244,0.1610890191,0.04661278056,0.7203116651,1,-0.6565615859,-0.6565618088,0.08647141091,-0.7430332197,-0.7198621986,-0.3397026509,0.3165317623,1.039267851e-10,5.810168221,0.9999999841,0.987025164,-0.02867097155
0.162,0.08013591061,0.1601003383,0.04632690759,0.7203402415,1,-0.6525792686,-0.6525794904,0.0859054299,-0.7384849203,-0.7154760714,-0.3376425554,0.3146338383,1.128681579e-10,5.810982346,1.000000012,0.9871839408,-0.02848064698
0.161,0.07963999225,0.1591116649,0.04604103301,0.7203686266,1,-0.6485976885,-0.6485979075,0.0853384983,-0.7339364058,-0.7110893574,-0.3355820041,0.3127350865,9.937723475e-11,5.811791218,1.000000002,0.987341739,-0.02829202138
0.16,0.0791440972,0.1581229989,0.04575515685,0.7203968257,1,-0.6446136128,-0.6446138312,0.08477384935,-0.7293876805,-0.7067020621,-0.3335210009,0.3108355126,1.381703764e-10,5.812594769,0.9999999974,0.9874985586,-0.02810371285
0.159,0.07864822531,0.1571343401,0.04546927909,0.7204248343,1,-0.6406274874,-0.6406277033,0.08421104107,-0.7248387444,-0.7023141885,-0.3314595483,0.3089351217,9.854825387e-11,5.813393042,1.00000001,0.9876543996,-0.02791400112
0.158,0.07815237644,0.1561456886,0.04518339974,0.720452654,1,-0.6366425906,-0.6366428054,0.08364679565,-0.720289601,-0.6979257423,-0.32939765,0.3070339197,5.502110223e-11,5.814186023,1.000000003,0.987809262,-0.02772588735
0.157,0.07765655045,0.1551570443,0.04489751882,0.7204802863,1,-0.6326560933,-0.632656306,0.08308394554,-0.7157402515,-0.6935367273,-0.3273353088,0.3051319123,9.953199656e-11,5.814973746,1.00000001,0.9879631458,-0.02753743396
0.156,0.07716074718,0.1541684072,0.04461163633,0.7205077291,1,-0.6286688555,-0.6286690666,0.08252163215,-0.7111906988,-0.6891471485,-0.3252725283,0.3032291048,9.844815717e-11,5.815756185,0.999999995,0.9881160511,-0.02734920524
0.155,0.0766649665,0.1531797772,0.04432575226,0.720534985,1,-0.6246809621,-0.6246811718,0.08195977287,-0.7066409447,-0.6847570102,-0.3232093115,0.3013255029,1.108415371e-10,5.816533353,0.9999999982,0.9882679779,-0.02716203919
0.154,0.07616920824,0.1521911544,0.04403986664,0.7205620534,1,-0.6206912942,-0.6206915021,0.08139948853,-0.7020909907,-0.6803663164,-0.3211456614,0.2994211122,4.287432318e-11,5.817305277,0.9999999961,0.9884189263,-0.02697417455
0.153,0.07567347228,0.1512025385,0.04375397945,0.7205889336,1,-0.6167009409,-0.6167011469,0.08083969206,-0.6975408389,-0.6759750714,-0.3190815812,0.2975159379,5.950868862e-11,5.818071929,0.9999999968,0.9885688962,-0.0267872823
0.152,0.07517775846,0.1502139297,0.04346809072,0.7206156282,1,-0.6127106512,-0.6127108553,0.08027963675,-0.6929904921,-0.6715832803,-0.3170170743,0.295609986,1.14170722e-10,5.818833338,1.000000002,0.9887178877,-0.02660073473
0.151,0.07468206664,0.1492253278,0.04318220044,0.7206421353,1,-0.6087184454,-0.6087186486,0.07972130386,-0.6884399525,-0.6671909477,-0.314952144,0.2937032619,1.208902402e-10,5.819589489,1.000000004,0.9888659008,-0.02641311951
0.15,0.07418639666,0.1482367328,0.04289630862,0.7206684547,1,-0.6047266753,-0.6047268763,0.07916234433,-0.6838892206,-0.6627980767,-0.3128867928,0.2917957707,7.985916241e-11,5.820340403,1.000000006,0.9890129355,-0.02622673503
0.149,0.07369074839,0.1472481447,0.04261041527,0.720694589,1,-0.6007337477,-0.6007339477,0.07860435203,-0.6793382997,-0.6584046729,-0.3108210244,0.2898875186,1.287668788e-10,5.821086092,1.000000001,0.9891589919,-0.0260402037
0.148,0.07319512168,0.1462595635,0.04232452039,0.7207205354,1,-0.5967377335,-0.5967379305,0.07804925991,-0.6747871904,-0.6540107392,-0.3087548414,0.2879785104,1.012333258e-10,5.821826561,0.9999999989,0.98930407,-0.02585450441
0.147,0.07269951638,0.145270989,0.04203862399,0.7207462982,1,-0.592745375,-0.5927455729,0.07749032459,-0.6702358975,-0.6496162826,-0.3066882482,0.2860687526,8.323271109e-11,5.822561805,0.9999999899,0.9894481699,-0.0256720331
0.146,0.07220393234,0.1442824212,0.04175272608,0.7207718797,1,-0.5887473659,-0.5887475598,0.0769368579,-0.6656844177,-0.6452213024,-0.3046212452,0.2841582484,5.457514881e-11,5.823291765,1.000000004,0.9895912915,-0.02548218539
0.145,0.07170836943,0.1432938602,0.04146682665,0.7207972628,1,-0.5847513675,-0.5847515599,0.07638119792,-0.6611327578,-0.6408258076,-0.3025538381,0.2822470057,7.551738804e-11,5.824016561,1.000000001,0.9897334348,-0.02529725089
0.144,0.07121282749,0.1423053057,0.04118092573,0.7208224744,1,-0.5807551427,-0.580755337,0.07582558258,-0.6565809195,-0.6364298025,-0.3004860301,0.28033503,1.194012367e-10,5.824736166,0.9999999862,0.9898746,-0.02511181801
0.143,0.07071730637,0.1413167579,0.04089502331,0.7208474867,1,-0.5767534352,-0.576753623,0.07527527483,-0.6520288978,-0.632033285,-0.2984178208,0.2784223241,9.248320823e-11,5.825450635,0.9999998559,0.990014787,-0.0249238602
0.142,0.07022180594,0.1403282167,0.04060911941,0.7208723224,1,-1.476710576,-0.5727565046,0.07472019964,-0.6474767042,-0.6276362673,-0.2963492176,0.276508896,6.017228551e-11,5.826159791,0.9999998582,0.9901539958,-0.02474279553
0.141,0.06972632605,0.139339682,0.04032321402,0.722707148,0,-14.58182692,-217.5670898,-9.952864035,-207.6142258,-210.0702599,-107.5114036,109.9675073,8.047455911e-11,5.826863657,0.9999999975,0.9902922265,-217.5670898
0.14,0.06923086654,0.1383511537,0.04003730715,0.7494921362,0,-19.4268717,-14.47611568,-0.5682055212,-13.90791016,-14.0469199,-7.165718388,7.304732694,8.08649365e-11,5.827562423,1.000000007,0.9904294791,-14.47611568
0.139,0.06873542728,0.1373626319,0.03975139882,0.7615608914,0,-10.7097896,-10.36145185,-0.3784040743,-9.983047773,-10.07524421,-5.132614811,5.224814493,1.36330966e-10,5.828256016,1.000000003,0.9905657537,-10.36145185
0.138,0.06824000812,0.1363741165,0.03946548903,0.7709117155,0,-8.64193875,-8.52369667,-0.2939253613,-8.229771309,-8.301149019,-4.224506501,4.29588687,1.582349734e-10,5.82894442,1.000000004,0.9907010502,-8.52369667
0.137,0.06774460891,0.1353856074,0.03917957779,0.7788447689,0,-7.476785153,-7.420341769,-0.2434254785,-7.17691629,-7.235863334,-3.679263668,3.738213016,1.039206255e-10,5.829627657,0.999999995,0.9908353687,-7.420341769
0.136,0.06724922951,0.1343971046,0.03889366509,0.7858652858,0,-6.694137503,-6.662095653,-0.2089119768,-6.453183677,-6.503643263,-3.304533284,3.354994933,7.923399227e-11,5.830305708,0.9999999973,0.9909687091,-6.662095653
0.135,0.06675386977,0.1334086081,0.03860775096,0.7922330439,0,-6.118653921,-6.098416466,-0.1834185242,-5.914997942,-5.959194195,-3.025934278,3.070132415,9.631889235e-11,5.830978594,1.000000006,0.9911010716,-6.098416466
0.134,0.06625852958,0.1324201179,0.03832183542,0.7981025936,0,-5.670892098,-5.657150018,-0.1635844384,-5.49356558,-5.532898382,-2.80782657,2.847161111,7.71734972e-11,5.831646298,1.000000008,0.9912324562,-5.657150018
0.133,0.06576320873,0.1314316337,0.03803591843,0.8035748281,0,-5.308694188,-5.298859861,-0.1476215173,-5.151238344,-5.186656544,-2.630705373,2.6661252,1.249278248e-10,5.832308872,1.000000004,0.9913628628,-5.298859861
0.132,0.0652679071,0.1304431557,0.03775000002,0.808719982,0,-5.007188216,-4.999862084,-0.1344172258,-4.865444858,-4.897627053,-2.482876841,2.515060567,1.363441797e-10,5.832966273,1.000000006,0.9914922916,-4.999862084
0.131,0.06477262455,0.1294546837,0.0374640802,0.8135892046,0,-4.750601449,-4.744970073,-0.1232461585,-4.621723914,-4.651175234,-2.356848601,2.38630137,8.484556074e-11,5.833618524,0.9999999983,0.9916207424,-4.744970073
0.13,0.06427736093,0.1284662178,0.03717815898,0.8182211849,0,-4.528403385,-4.523963258,-0.1136428785,-4.410320379,-4.437428979,-2.247566455,2.274676433,1.137813549e-10,5.834265628,1.000000001,0.9917482154,-4.523963258
0.129,0.0637821161,0.1274777579,0.03689223636,0.8226460113,0,-4.333258676,-4.329685724,-0.1053023773,-4.224383346,-4.24945521,-2.151480846,2.176554027,1.400187456e-10,5.834907678,0.9999998747,0.9918747106,-4.329685724
0.128,0.06328688991,0.1264893039,0.03660631236,0.8268877022,0,-4.159824888,-4.156896329,-0.097959488,-4.058936841,-4.082218265,-2.066013599,2.089296284,9.055603768e-11,5.835544429,0.9999999896,0.992000228,-4.156896329
0.127,0.06279168221,0.1255008558,0.03632038698,0.8309656611,0,-4.004132957,-4.001698678,-0.09142384015,-3.910274838,-3.93196763,-1.989244501,2.010938505,1.141735112e-10,5.836176097,0.9999999977,0.9921247676,-4.001698678
0.126,0.06229649287,0.1245124135,0.03603446022,0.8348959681,0,-3.863196256,-3.861145763,-0.08558122462,-3.775564538,-3.795836507,-1.919705752,1.939978889,1.440890545e-10,5.836802724,0.9999998923,0.9922483294,-3.861145763
0.125,0.06180132174,0.1235239771,0.0357485321,0.8386920536,0,-3.734650806,-3.732904144,-0.08030083796,-3.652603306,-3.671595813,-1.856256057,1.875249691,1.329250936e-10,5.837424156,0.9999998884,0.9923709135,-3.732904144
0.124,0.06130616866,0.1225355464,0.03546260263,0.8423652698,0,-3.616662229,-3.615160538,-0.07551292412,-3.539647613,-3.557481074,-1.797991984,1.815826534,6.595503575e-11,5.838040472,0.9999998896,0.9924925199,-3.615160538
0.123,0.0608110335,0.1215471215,0.0351766718,0.8459253781,0,-3.507751191,-3.506448209,-0.07115303362,-3.435295175,-3.452073164,-1.744186907,1.760965951,8.349282904e-11,5.838651586,0.9999999911,0.9926131486,-3.506448209
0.122,0.06031591611,0.1205587022,0.03489073964,0.8493807721,0,-3.406706006,-3.405567103,-0.06716105572,-3.338406048,-3.354218431,-1.694250127,1.710063534,1.091587171e-10,5.839257661,0.999999993,0.9927327997,-3.405567103
0.121,0.05982081634,0.1195702886,0.03460480615,0.8527387901,0,-3.312536742,-3.311534094,-0.0634933297,-3.248040765,-3.262966119,-1.647694821,1.662621168,9.844206221e-11,5.839858611,1.000000008,0.992851473,-3.311534094
0.12,0.05932573405,0.1185818805,0.03431887133,0.8560058456,0,-3.22440118,-3.223512874,-0.06009461411,-3.16341826,-3.177525767,-1.604116239,1.618224711,1.204234657e-10,5.840454473,0.9999999987,0.9929691688,-3.223512874
0.119,0.05883066909,0.117593478,0.03403293519,0.8591875924,0,-3.141628648,-3.140837666,-0.05695485698,-3.083882809,-3.097233763,-1.563174576,1.57652647,6.933186734e-11,5.841045233,1.000000002,0.993085887,-3.140837666
0.118,0.05833562133,0.116605081,0.03374699775,0.8622891029,0,-3.063627455,-3.06291894,-0.05404072096,-3.008878219,-3.021527223,-1.5245816,1.537231519,1.366672447e-10,5.841630889,0.9999999977,0.9932016275,-3.06291894
0.117,0.0578405906,0.1156166894,0.03346105901,0.8653148474,0,-2.989880052,-2.989242694,-0.05131167256,-2.937931021,-2.949926978,-1.488091945,1.500088793,7.514388195e-11,5.842211461,1.000000003,0.9933163906,-2.989242694
0.116,0.05734557677,0.1146283033,0.03317511899,0.868268863,0,-2.919982206,-2.919406512,-0.04877269892,-2.870633813,-2.88202072,-1.453494475,1.464882252,9.677560317e-11,5.84278693,1.000000005,0.993430176,-2.919406512
0.115,0.0568505797,0.1136399225,0.03288917768,0.8711548118,0,-2.853554236,-2.853031918,-0.0463978553,-2.806634063,-2.817451673,-1.420606491,1.431424949,8.89182779e-11,5.843357317,1.000000004,0.993542984,-2.853031918
0.114,0.05635559923,0.112651547,0.03260323509,0.8739759715,0,-2.790273022,-2.789797715,-0.04417208236,-2.745625632,-2.755910009,-1.38926933,1.399554536,8.438579583e-11,5.843922628,1.000000001,0.9936548145,-2.789797715
0.113,0.05586063522,0.1116631768,0.03231729125,0.8767353578,0,-2.729847065,-2.729412388,-0.04207222647,-2.687340161,-2.697124136,-1.359343905,1.36912869,1.000176407e-10,5.844482934,0.9999998988,0.9937656675,-2.729412388
0.112,0.05536568753,0.1106748118,0.03203134615,0.8794356656,0,-2.672041104,-2.671643402,-0.04010029924,-2.631543102,-2.640856675,-1.330708661,1.340023026,1.191960021e-10,5.845038098,0.9999998888,0.993875543,-2.671643402
0.111,0.05487075601,0.109686452,0.0317453998,0.88207944,0,-2.616634556,-2.616268477,-0.03824326313,-2.578025214,-2.586895868,-1.303255139,1.312126567,5.28415608e-11,5.845588087,1.000000003,0.9939844411,-2.616268477
0.11,0.05437584051,0.1086980973,0.03145945221,0.8846689347,0,-2.563420871,-2.563083845,-0.03648063733,-2.526603208,-2.535056209,-1.276888345,1.285342104,1.144170241e-10,5.846133096,1.000000007,0.9940923618,-2.563083845
0.109,0.0538809409,0.1077097478,0.0311735034,0.8872062818,0,-2.512247192,-2.511935725,-0.03482360683,-2.477112118,-2.485170747,-1.251522771,1.259582142,9.412415318e-11,5.846673054,0.9999999996,0.9941993051,-2.511935725
0.108,0.05338605702,0.1067214032,0.03088755336,0.8896934291,0,-2.4629447,-2.4626562,-0.03325089093,-2.429405309,-2.437091074,-1.227082411,1.234768902,1.073683558e-10,5.84720794,1,0.994305271,-2.4626562
0.107,0.05289118873,0.1057330637,0.03060160212,0.8921321712,0,-2.415382309,-2.415114593,-0.03176343488,-2.383351158,-2.39068398,-1.203499039,1.210832572,8.608549951e-11,5.847737773,0.9999999997,0.9944102596,-2.415114593
0.106,0.05239633589,0.1047447292,0.03031564967,0.8945241937,0,-2.369434635,-2.369185546,-0.03035455548,-2.338830991,-2.345829356,-1.18071114,1.187710203,1.079498616e-10,5.848262553,1,0.9945142709,-2.369185546
0.105,0.05190149835,0.1037563995,0.03002969604,0.8968710404,0,-2.324979197,-2.324747011,-0.02900908181,-2.29573793,-2.302419035,-1.158663311,1.1653451,6.612356609e-11,5.848782279,1.000000004,0.9946173048,-2.324747011
0.104,0.05140667597,0.1027680747,0.02974374122,0.8991741521,0,-2.281919805,-2.281703027,-0.02772790536,-2.253975122,-2.260354995,-1.137305346,1.143685889,5.747139597e-11,5.849296963,1.000000002,0.9947193614,-2.281703027
0.103,0.0509118686,0.1017797547,0.02945778522,0.90143488,0,-2.240168378,-2.239965506,-0.0265109971,-2.213454509,-2.21954811,-1.116591596,1.122685856,7.250504753e-11,5.849806596,1.000000004,0.9948204408,-2.239965506
0.102,0.05041707609,0.1007914395,0.02917182806,0.9036544889,0,-2.199648567,-2.199458744,-0.02536258248,-2.174096162,-2.179917488,-1.096480628,1.102302599,6.287356749e-11,5.850311215,0.9999999927,0.9949205429,-2.199458744
0.101,0.0499222983,0.09980312906,0.02888586975,0.9058341772,0,-2.160260685,-2.160082105,-0.02425567482,-2.13582643,-2.141388589,-1.076934256,1.082497048,6.553290571e-11,5.850810763,1.000000004,0.9950196677,-2.160082105
0.1,0.04942753509,0.09881482327,0.02859991029,0.9079750103,0,-2.121944683,-2.121777162,-0.02319787358,-2.098579289,-2.103894585,-1.057918255,1.063234173,1.226446187e-10,5.8513053,1.000000001,0.9951178154,-2.121777162
0.099,0.04893278631,0.09782652212,0.02831394969,0.9100780665,0,-2.084653856,-2.084496102,-0.02220337599,-2.062292726,-2.067372718,-1.039400473,1.044481075,1.060846353e-10,5.851794793,1.000000004,0.9952149858,-2.084496102
0.098,0.04843805181,0.09683822556,0.02802798797,0.912144318,0,-2.048302233,-2.048153471,-0.02124292803,-2.026910543,-2.031766109,-1.021351774,1.026207939,5.199574204e-11,5.852279287,0.9999999937,0.995311179,-2.048153471
0.097,0.04794333146,0.09584993355,0.02774202513,0.914174671,0,-2.01284334,-2.01270299,-0.02032200689,-1.992380983,-1.997022375,-1.003745324,1.008387303,9.411758277e-11,5.852758728,1.000000001,0.9954063951,-2.01270299
0.096,0.0474486251,0.09486164605,0.02745606119,0.9161700046,0,-1.9782369,-1.978104284,-0.0194482105,-1.958656073,-1.96309296,-0.9865562514,0.9909937158,8.586401419e-11,5.85323316,1.000000001,0.9955006341,-1.978104284
0.095,0.0469539326,0.09387336299,0.02717009615,0.9181311448,0,-1.944427261,-1.944301783,-0.01861022971,-1.925691553,-1.929933072,-0.9697616068,0.9740036923,8.625511717e-11,5.853702583,1.000000001,0.9955938959,-1.944301783
0.094,0.0464592538,0.09288508435,0.02688413002,0.9200588592,0,-1.911372171,-1.911253329,-0.01780684942,-1.89344648,-1.897501269,-0.9533401609,0.9573955068,8.48820283e-11,5.854167034,0.9999999172,0.9956861806,-1.911253329
0.093,0.04596458856,0.09189681008,0.02659816281,0.9219538891,0,-1.879042001,-1.878929427,-0.01704657826,-1.861882849,-1.865759088,-0.9372722088,0.941148995,8.54490454e-11,5.854626305,1.000000084,0.9957774881,-1.878929427
0.092,0.04546993674,0.09090854012,0.02631219453,0.9238169432,0,-1.847379371,-1.847272359,-0.01630720845,-1.830965151,-1.83467059,-0.9215393366,0.9252453126,8.066498343e-11,5.855080767,0.9999999954,0.9958678187,-1.847272359
0.091,0.04497529819,0.08992027444,0.0260262252,0.9256486479,0,-1.816359812,-1.81625828,-0.01559741142,-1.800660868,-1.804202863,-0.9061246849,0.909667207,8.408834078e-11,5.855530141,1.000000002,0.9959571721,-1.81625828
0.09,0.04448067277,0.08893201299,0.02574025482,0.9274496628,0,-1.785966534,-1.785869973,-0.01493085103,-1.770939122,-1.774324653,-0.8910122393,0.8943982892,1.188113916e-10,5.85597452,1.000000003,0.9960455485,-1.785869973
0.089,0.04398606033,0.08794375571,0.0254542834,0.929220581,0,-1.756142763,-1.756050805,-0.01427943573,-1.741771369,-1.745007073,-0.8761871997,0.8794234135,9.861482627e-11,5.856413909,0.9999999937,0.9961329479,-1.756050805
0.088,0.04349146073,0.08695550258,0.02516831095,0.9309619483,0,-1.726875699,-1.726788194,-0.01365718121,-1.713131013,-1.716223204,-0.8616357737,0.8647284651,8.753768012e-11,5.856848282,1.000000008,0.9962193703,-1.726788194
0.087,0.04299687382,0.08596725353,0.02488233749,0.9326743324,0,-1.6981393,-1.698055801,-0.01306291418,-1.684992886,-1.687947573,-0.84734491,0.8503000893,1.23819399e-10,5.857277673,1.000000004,0.9963048157,-1.698055801
0.086,0.04250229946,0.08497900853,0.02459636301,0.9343582269,0,-1.669902525,-1.669822948,-0.0124892209,-1.657333727,-1.660156636,-0.8333025444,0.8361259375,3.597647515e-11,5.857702139,0.9999999237,0.9963892841,-1.669822948
0.085,0.0420077375,0.08399076753,0.02431038754,0.9360141374,0,-1.642150286,-1.642074263,-0.01194287488,-1.630131388,-1.63282798,-0.8194971913,0.8221942584,8.461502395e-11,5.858121507,0.9999999997,0.9964727755,-1.642074263
0.084,0.04151318781,0.08300253049,0.02402441109,0.9376425275,0,-1.614855236,-1.614782624,-0.01141730107,-1.603365323,-1.605940807,-0.8059181952,0.8084941463,6.715680129e-11,5.858535938,0.9999999997,0.99655529,-1.614782624
0.083,0.04101865022,0.08201429735,0.02373843365,0.9392438479,0,-1.587998487,-1.587929057,-0.01091298584,-1.577016071,-1.579475422,-0.7925554636,0.7950152735,6.369007698e-11,5.8589454,0.9999999967,0.9966368275,-1.587929057
0.082,0.04052412461,0.08102606807,0.02345245525,0.9408185245,0,-1.561559135,-1.561492717,-0.01042734812,-1.551065369,-1.55341334,-0.7793995231,0.7817479448,1.198168333e-10,5.859349871,0.9999999954,0.9967173881,-1.561492717
0.081,0.04002961082,0.08003784261,0.0231664759,0.9423669661,0,-1.535518255,-1.535454656,-0.009958682599,-1.525495973,-1.527737108,-0.7664414308,0.7686830086,8.919789516e-11,5.859749366,1.000000002,0.9967969719,-1.535454656
0.08,0.03953510871,0.07904962092,0.0228804956,0.943889561,0,-1.509861849,-1.509800973,-0.009509312914,-1.50029166,-1.502430307,-0.7536727729,0.7558118554,6.566589518e-11,5.860143836,1.000000074,0.9968755787,-1.509800973
0.079,0.03904061814,0.07806140295,0.02259451436,0.9453866898,0,-1.484577456,-1.484519098,-0.009082111797,-1.475436986,-1.477477306,-0.7410855375,0.7431262854,6.278602935e-11,5.860533456,0.9999999968,0.9969532087,-1.484519098
0.078,0.03854613896,0.07707318866,0.0223085322,0.9468587159,0,-1.459645557,-1.459589598,-0.008672134772,-1.450917463,-1.452863441,-0.7286722108,0.7306186098,7.055439434e-11,5.860918044,0.999999994,0.9970298618,-1.459589598
0.077,0.03805167103,0.07608497801,0.02202254913,0.948305981,0,-1.435045075,-1.434991367,-0.0082720215,-1.426719345,-1.428574801,-0.7164256622,0.7182815313,9.904239641e-11,5.861297662,1.000000001,0.9971055381,-1.434991367
0.076,0.0375572142,0.07509677094,0.02173656515,0.949728806,0,-1.410770832,-1.4107193,-0.007889647474,-1.402829652,-1.404598248,-0.7043391596,0.7061081616,9.08322761e-11,5.861672328,0.9999999932,0.9971802375,-1.4107193
0.075,0.03706276832,0.0741085674,0.02145058028,0.9511275226,0,-1.386813218,-1.386763765,-0.007527768326,-1.379235997,-1.380921245,-0.6924062765,0.694091923,1.035568253e-10,5.862042087,0.9999999192,0.9972539601,-1.386763765
0.074,0.03656833326,0.07312036737,0.02116459453,0.9525024325,0,-1.363149432,-1.36310185,-0.00717525789,-1.355926593,-1.357531862,-0.6806208985,0.6822265601,9.477912725e-11,5.862406705,1.000000069,0.9973267059,-1.36310185
0.073,0.03607390887,0.07213217078,0.02087860791,0.9538538215,0,-1.339772278,-1.339726588,-0.006836137351,-1.33289045,-1.334418978,-0.6689773261,0.6705062389,1.044199086e-10,5.862766556,0.9999999988,0.997398475,-1.339726588
0.072,0.035579495,0.07114397759,0.02059262043,0.955181977,0,-1.316671644,-1.316627698,-0.006510798535,-1.310116899,-1.311571794,-0.6574700235,0.6589252956,1.104693264e-10,5.863121387,0.9999999961,0.9974692672,-1.316627698
0.071,0.03508509151,0.07015578776,0.02030663209,0.9564871648,0,-1.293836815,-1.293794547,-0.006198650415,-1.287595896,-1.288980143,-0.6460937799,0.6474783981,7.32730279e-11,5.863471271,0.9999999968,0.9975390827,-1.293794547
0.07,0.03459069826,0.06916760124,0.02002064293,0.9577696507,0,-1.271257137,-1.271216456,-0.005898612294,-1.265317843,-1.266634314,-0.6348436168,0.6361604514,1.03958656e-10,5.863816145,1.000000061,0.9976079215,-1.271216456
0.069,0.0340963151,0.06817941798,0.01973465293,0.959029679,0,-1.248923995,-1.248884843,-0.00561122529,-1.243273618,-1.244525071,-0.623714801,0.6249666123,6.485812631e-11,5.864156194,0.9999999994,0.9976757835,-1.248884843
0.068,0.03360194188,0.06719123794,0.01944866211,0.9602674987,0,-1.226829994,-1.226792292,-0.005337803326,-1.221454488,-1.22264358,-0.6127028026,0.6138922458,1.221124487e-10,5.864491243,0.9999999994,0.9977426688,-1.226792292
0.067,0.03310757847,0.06620306107,0.01916267049,0.961483339,0,-1.204960692,-1.204924367,-0.005072227048,-1.19985214,-1.200981424,-0.601803308,0.6029329377,7.657377159e-11,5.864821353,0.999999994,0.9978085774,-1.204924367
0.066,0.03261322471,0.06521488732,0.01887667808,0.96267742,0,-1.183308728,-1.183273726,-0.004815080252,-1.178458646,-1.179530582,-0.5910122045,0.5920844798,1.137106191e-10,5.86514647,1.000000058,0.9978735092,-1.183273726
0.065,0.03211888047,0.06422671665,0.01859068488,0.9638499565,0,-1.161873345,-1.161839628,-0.004573214505,-1.157266414,-1.15828337,-0.580325553,0.5813428416,9.347870935e-11,5.865466748,0.9999999945,0.9979374644,-1.161839628
0.064,0.03162454559,0.06323854902,0.01830469091,0.9650011667,0,-1.140641346,-1.140608823,-0.004340678123,-1.136268145,-1.1372324,-0.5697395665,0.570704148,1.148193178e-10,5.865782039,0.9999999984,0.998000443,-1.140608823
0.063,0.03113021994,0.06225038437,0.01801869618,0.9661312392,0,-1.119602197,-1.119570839,-0.004113916986,-1.115456922,-1.116370673,-0.5592506561,0.5601647269,1.094498724e-10,5.866092357,1.000000056,0.9980624448,-1.119570839
0.062,0.03063590337,0.06126222266,0.0177327007,0.9672403711,0,-1.098755061,-1.098724818,-0.003898740056,-1.094826078,-1.09569144,-0.5488553619,0.5497210381,1.229143008e-10,5.866397835,0.9999999974,0.99812347,-1.098724818
0.061,0.03014159573,0.06027406385,0.01744670448,0.9683287493,0,-1.078091912,-1.078062741,-0.00369351686,-1.074369224,-1.075188237,-0.5385503702,0.5393696912,7.703698259e-11,5.866698338,0.999999996,0.9981835186,-1.078062741
0.06,0.02964729689,0.05928590788,0.01716070753,0.9693965549,0,-1.05760424,-1.057576086,-0.003495855025,-1.05408023,-1.05485486,-0.5283324992,0.5291074308,6.038630667e-11,5.866993916,0.9999999956,0.9982425906,-1.057576086
0.059,0.02915300669,0.05829775471,0.01687470987,0.9704439578,0,-1.037284222,-1.03725705,-0.003304169401,-1.03395288,-1.034685136,-0.5181985869,0.5189311443,6.687876481e-11,5.867284567,0.9999999967,0.9983006859,-1.03725705
0.058,0.02865872523,0.05730960476,0.01658871163,0.9714711234,0,-1.017132038,-1.017105815,-0.003123569621,-1.013982245,-1.014673846,-0.5081459525,0.5088378371,8.499779066e-11,5.867570299,0.9999999953,0.9983578046,-1.017105815
0.057,0.02816445189,0.05632145705,0.01630271257,0.9724782219,0,-0.9971384678,-0.9971131681,-0.002950282235,-0.9941628859,-0.9948154642,-0.498171762,0.4988246249,8.561700963e-11,5.867851106,0.9999999929,0.9984139467,-0.9971131681
0.056,0.02767018677,0.05533331201,0.01601671282,0.9734654003,0,-0.9772960347,-0.9772715889,-0.002782744465,-0.9744888445,-0.9751042245,-0.4882730635,0.4888887222,7.355524044e-11,5.868126996,0.9999999986,0.9984691123,-0.9772715889
0.055,0.02717592971,0.05434516958,0.01573071241,0.9744328139,0,-0.9576027123,-0.9575791063,-0.002623604811,-0.9549555015,-0.9555353226,-0.4784473919,0.479027486,7.443044538e-11,5.86839797,0.9999999976,0.9985233013,-0.9575791063
0.054,0.02668168059,0.05335702973,0.01544471133,0.9753806057,0,-0.9380508326,-0.9380280638,-0.002470037418,-0.9355580264,-0.9361038711,-0.4686922405,0.4692383524,8.447529724e-11,5.868663993,1.000000041,0.9985765137,-0.9380280638
0.053,0.02618743924,0.05236889239,0.01515870961,0.9763089156,0,-0.9186391333,-0.9186171256,-0.00232541675,-0.9162917089,-0.9168051031,-0.4590051644,0.4595188203,9.889453458e-11,5.868925179,0.9999999931,0.9986287496,-0.9186171256
0.052,0.02569320553,0.05138075753,0.01487270725,0.977217884,0,-0.8993603741,-0.8993391241,-0.002187022633,-0.8971521015,-0.897634518,-0.4493838561,0.4498665287,7.747323227e-11,5.869181408,0.9999999974,0.9986800089,-0.8993391241
0.051,0.02519897931,0.0503926251,0.01458670426,0.9781076363,0,-0.880209419,-0.8801889005,-0.002054036375,-0.8781348642,-0.8785877243,-0.4398260631,0.4402791736,8.031360626e-11,5.869432736,0.9999999943,0.9987302917,-0.8801889005
0.05,0.02470476044,0.04940449506,0.01430070066,0.9789783029,0,-0.8611824723,-0.8611626459,-0.001926837282,-0.8592358087,-0.8596604831,-0.4303296119,0.4307545314,8.687012594e-11,5.869679149,0.9999999964,0.9987795979,-0.8611626459
0.049,0.02421054878,0.04841636735,0.01401469646,0.9798300013,0,-0.8422748388,-0.8422557154,-0.001804798278,-0.8404509172,-0.8408487293,-0.4208924177,0.4212904695,5.894813372e-11,5.86992066,0.9999999928,0.9988279277,-0.8422557154
0.048,0.02371634417,0.04742824193,0.01372869167,0.9806628525,0,-0.823484235,-0.8234657477,-0.001689508619,-0.8217762391,-0.8221484658,-0.4115124296,0.4118848905,1.005475567e-10,5.870157266,0.9999999937,0.9988752809,-0.8234657477
0.047,0.02322214648,0.04644011875,0.0134426863,0.9814769698,0,-0.8048064756,-0.8047886335,-0.001580591628,-0.8032080419,-0.8035559153,-0.4021877109,0.402535813,8.802791188e-11,5.870388968,0.9999999938,0.9989216577,-0.8047886335
0.046,0.02272795556,0.04545199777,0.01315668036,0.9822724655,0,-0.7862367939,-0.7862195618,-0.001476908441,-0.7847426533,-0.7850673616,-0.3929163557,0.3932412874,8.000897328e-11,5.870615768,0.999999994,0.9989670579,-0.7862195618
0.045,0.02223377127,0.04446387894,0.01287067387,0.9830494433,0,-0.7677697053,-0.7677530763,-0.001376528961,-0.7663765473,-0.7666792373,-0.3836965341,0.3839994421,8.812023047e-11,5.870837695,0.9999999527,0.9990114817,-0.7677530763
0.044,0.02173959346,0.04347576222,0.01258466684,0.9838080049,0,-0.7494046073,-0.7493885544,-0.001282271027,-0.7481062834,-0.748388061,-0.3745264603,0.3748084509,8.047792396e-11,5.87105467,0.9999999917,0.999054929,-0.7493885544
0.043,0.02124542199,0.04248764755,0.01229865927,0.9845482526,0,-0.7311361382,-0.7311206355,-0.00119209168,-0.7299285439,-0.7301904761,-0.3654044124,0.3656665523,8.835905765e-11,5.871266777,0.9999999936,0.9990973999,-0.7311206355
0.042,0.02075125672,0.0414995349,0.01201265118,0.9852702772,0,-0.7129614933,-0.7129465456,-0.001106418715,-0.7118401269,-0.7120832427,-0.3563287288,0.356572047,7.365762567e-11,5.87147398,0.9999999954,0.9991388943,-0.7129465456
0.041,0.02025709749,0.04051142421,0.01172664258,0.9859741755,0,-0.6948785312,-0.6948641087,-0.001026225126,-0.6938378835,-0.6940631748,-0.3472977751,0.3475232635,1.00162307e-10,5.871676297,0.9999999924,0.9991794123,-0.6948641087
0.04,0.01976294417,0.03952331543,0.01144063349,0.9866600342,0,-0.676882325,-0.6768684146,-0.0009496316394,-0.675918783,-0.6761272059,-0.3383099781,0.338518593,7.42199276e-11,5.87187372,0.9999999919,0.9992189538,-0.6768684146
0.039,0.01926879662,0.03853520853,0.01115462391,0.9873279402,0,-0.6589710212,-0.6589576101,-0.0008777335624,-0.6580798765,-0.6582723527,-0.3293638075,0.3295564704,9.538211967e-11,5.872066251,0.9999999885,0.9992575189,-0.6589576101
0.038,0.01877465468,0.03754710345,0.01086861386,0.9879779763,0,-0.641141502,-0.6411285776,-0.0008102832662,-0.6403182943,-0.6404957112,-0.3204577737,0.3206353724,8.517227085e-11,5.872253923,0.999999951,0.9992951075,-0.6411285776
0.037,0.01828051822,0.03655900015,0.01058260335,0.9886102232,0,-0.6233882676,-0.6233758103,-0.0007445677814,-0.6226312425,-0.6227944552,-0.3115904265,0.311753816,8.8733867e-11,5.872436632,0.9999999934,0.9993317198,-0.6233758103
0.036,0.01778638708,0.03557089858,0.01029659239,0.9892247528,0,-0.6057119278,-0.6056999362,-0.0006839224592,-0.6050160138,-0.6051658459,-0.3027603609,0.3029103647,6.331880458e-11,5.872614498,0.9999999902,0.9993673556,-0.6056999362
0.035,0.01729226113,0.0345827987,0.01001058099,0.9898216471,0,-0.588108657,-0.5880971088,-0.0006271581423,-0.5874699506,-0.587607194,-0.2939661974,0.2941036075,7.681314741e-11,5.872787469,0.9999999926,0.999402015,-0.5880971088
0.034,0.01679814022,0.03359470045,0.00972456917,0.9904009701,0,-0.5705746829,-0.5705635744,-0.0005730916889,-0.5699904827,-0.5701158999,-0.2852066019,0.2853321808,8.017596687e-11,5.872955562,0.9999999911,0.9994356981,-0.5705635744
0.033,0.01630402421,0.0326066038,0.009438556933,0.9909627964,0,-0.5531085533,-0.5530978742,-0.0005227849344,-0.5525750892,-0.552689413,-0.2764802661,0.2765947464,6.243623764e-11,5.873118771,0.9999999879,0.9994684047,-0.5530978742
0.032,0.01580991296,0.03161850869,0.009152544295,0.9915071872,0,-0.5357071111,-0.5356968401,-0.0004755309467,-0.5352213091,-0.5353252436,-0.2677859124,0.2678899984,1.049169785e-10,5.873277091,0.9999999902,0.999500135,-0.5356968401
0.031,0.01531580631,0.03063041507,0.008866531267,0.9920342106,0,-0.5183676856,-0.5183578246,-0.0004310626243,-0.5179267619,-0.5180209832,-0.2591223053,0.2592166735,7.853919209e-11,5.873430533,0.9999999859,0.9995308888,-0.5183578246
0.03,0.01482170413,0.02964232291,0.008580517862,0.9925439226,0,-0.5010872658,-0.5010778075,-0.0003887095582,-0.5006890979,-0.5007742556,-0.2504882252,0.2505735246,7.921250698e-11,5.87357909,0.9999999849,0.9995606663,-0.5010778075
0.029,0.01432760627,0.02865423215,0.008294504091,0.9930363852,0,-0.4838653667,-0.4838562918,-0.0003502748593,-0.4835060169,-0.4835827332,-0.2418824781,0.2419593312,8.492121092e-11,5.873722742,1.000000015,0.9995894675,-0.4838562918
0.028,0.01383351258,0.02766614275,0.008008489967,0.9935116533,0,-0.4666992787,-0.4666905876,-0.0003152981741,-0.4663752894,-0.4664441608,-0.2333039067,0.2333729102,7.060303125e-11,5.873861571,0.9999999838,0.9996172923,-0.4666905876
0.027,0.01333942293,0.02667805467,0.007722475502,0.9939697837,0,-0.4495854769,-0.4495771568,-0.0002824411804,-0.4492947157,-0.4493563134,-0.2247513692,0.2248130943,9.352017832e-11,5.873995493,0.9999999838,0.9996441407,-0.4495771568
0.026,0.01284533717,0.02568996784,0.007436460708,0.9944108243,0,-0.432521396,-0.4325134425,-0.0002512924257,-0.4322621501,-0.4323170207,-0.216223752,0.2162787451,8.572570723e-11,5.874124538,0.999999983,0.9996700128,-0.4325134425
0.025,0.01235125515,0.02470188224,0.007150445596,0.9948348265,0,-0.4155049645,-0.4154973678,-0.0002226941172,-0.4152746737,-0.415323587,-0.2077196791,0.2077687437,8.141775816e-11,5.874248708,0.9999999802,0.9996949085,-0.4154973678
0.024,0.01185717808,0.02371380048,0.006864430954,0.9952418342,0,-0.3985359771,-0.3985287353,-0.0001968659402,-0.3983318694,-0.3983751121,-0.1992386731,0.1992819951,7.1274845e-11,5.874368002,0.9999999797,0.9997188278,-0.3985287353
0.023,0.01136310313,0.0227257172,0.006578415253,0.9956318985,0,-0.38161172,-0.3816048216,-0.0001731462093,-0.3814316754,-0.3814693857,-0.1907796018,0.19081742,8.900752968e-11,5.874482421,0.9999999784,0.9997417709,-0.3816048216
0.022,0.0108690315,0.021737635,0.006292399272,0.9960050577,0,-0.3647275625,-0.364721004,-0.0001505441837,-0.3645704598,-0.3646033902,-0.1823409297,0.1823739634,7.149116742e-11,5.874591967,0.9999999767,0.9997637376,-0.364721004
0.021,0.01037496304,0.02074955383,0.006006383023,0.9963613536,0,-0.3478842474,-0.347878025,-0.0001309269541,-0.3477470981,-0.3477756786,-0.1739219071,0.1739505858,7.238052669e-11,5.874696645,0.9999999705,0.999784728,-0.347878025
0.02,0.009880897607,0.01976147365,0.005720366519,0.9967008262,0,-0.3310787288,-0.331072833,-0.000113173412,-0.3309596596,-0.3309842973,-0.1655215316,0.165546263,7.720823704e-11,5.874796446,0.9999999688,0.9998047421,-0.331072833
0.019,0.009386835057,0.01877339441,0.005434349772,0.9970235111,0,-0.3143080937,-0.3143025222,-9.627001035e-05,-0.3142062522,-0.314227333,-0.1571388212,0.157159991,7.7113839e-11,5.874891377,0.9999999676,0.9998237798,-0.3143025222
0.018,0.008892775246,0.01778531607,0.005148332795,0.9973294423,0,-0.2975717118,-0.2975664602,-8.14534039e-05,-0.2974850068,-0.2975028952,-0.1487728058,0.1487907784,7.915103304e-11,5.874981454,0.9999999453,0.9998418413,-0.2975664602
0.017,0.008398718031,0.01679723859,0.004862315599,0.9976186545,0,-0.2808680741,-0.2808631372,-6.905663362e-05,-0.2807940805,-0.2808091199,-0.1404225286,0.1404376474,8.018454181e-11,5.875066635,0.9999999585,0.9998589264,-0.2808631372
0.016,0.007904663269,0.0158091619,0.004576298198,0.9978911785,0,-0.2641936585,-0.2641890319,-5.737465163e-05,-0.2641316572,-0.2641441705,-0.1320870469,0.1320996348,7.899566297e-11,5.875146963,0.9999999533,0.9998750352,-0.2641890319
0.015,0.007410610817,0.01482108598,0.004290280605,0.9981470418,0,-0.2475467073,-0.2475423877,-4.644316314e-05,-0.2474959445,-0.2475062337,-0.1237654303,0.1237757895,7.194665954e-11,5.875222425,0.9999999459,0.9998901677,-0.2475423877
0.014,0.006916560533,0.01383301077,0.004004262832,0.9983862719,0,-0.2309262119,-0.2309221958,-3.702502819e-05,-0.2308851708,-0.230893518,-0.1154567593,0.115465172,7.66168223e-11,5.875293023,0.9999999389,0.9999043239,-0.2309221958
0.013,0.006422512273,0.01284493624,0.003718244892,0.9986088942,0,-0.2143309779,-0.2143272622,-2.967748474e-05,-0.2142975847,-0.2143042524,-0.1071601247,0.1071668532,8.007149152e-11,5.87535876,0.9999999288,0.9999175038,-0.2143272622
0.012,0.005928465896,0.01185686234,0.0034322268,0.9988149339,0,-0.1977575645,-0.1977541456,-2.269236871e-05,-0.1977314533,-0.1977366841,-0.098874627,0.09887991385,8.099657843e-11,5.875419637,0.9999999158,0.9999297074,-0.1977541456
0.011,0.005434421262,0.01086878903,0.003146208569,0.9990044094,0,-0.1812043035,-0.181201179,-1.611728673e-05,-0.1811850617,-0.1811890784,-0.09059937606,0.09060344448,8.101208807e-11,5.875475659,0.9999999011,0.9999409347,-0.181201179
