q,k_hip,c,alpha_p,alpha_h,s_real,T,lam_max,margin,N_half
0.13,-0.3,1.04,0.0650458580746109,0.06371159554701271,0.1273370032443968,3.208651828790619,0.8680972152726635,0.13190278472733652,4.900243762206832
0.12,-0.3,1.04,0.06003605844527842,0.0588036222631649,0.1175394778952583,3.208611643823438,0.892468375971746,0.107531624028254,6.092841037892882
0.1,-0.3,1.04,0.050020856805770016,0.048992637034099604,0.09794608011480654,3.2085392455480584,0.9296230389283693,0.07037696107163072,9.498275331441146
0.08,-0.3,1.04,0.040010674353988925,0.03918731794745363,0.07835457815382711,3.208478425822752,0.9566374751148614,0.04336252488513859,15.635801743308244
0.06,-0.3,1.04,0.030004501823476935,0.029386528230798507,0.05876459773796292,3.208430136797513,0.976216620290085,0.023783379709914954,28.796219458697493
0.058,-0.3,1.04,0.029004066372440036,0.02840665462137961,0.056805668747760184,3.2084260273785126,0.977819925227531,0.022180074772468972,30.903025500617925
0.056,-0.3,1.04,0.02800365995804695,0.02742681389344676,0.05484675095370808,3.208422051455519,0.9793625334865914,0.020637466513408587,33.23905678008086
0.054,-0.3,1.04,0.027003281576635237,0.026447004849032712,0.05288784384683894,3.208418209629308,0.9808452052277449,0.019154794772255124,35.83892408780194
0.052,-0.3,1.04,0.02600293022479526,0.025467226355174517,0.05092894704757953,3.2084145024797013,0.9822686509798935,0.017731349020106535,38.74401429668679
0.05,-0.3,1.04,0.02500260489936114,0.024487477279115814,0.048970060176231595,3.2084109305654773,0.9836335369700702,0.016366463029929834,42.00415173668075
0.048,-0.3,1.04,0.024002304597401634,0.023507756488215778,0.04701118285280983,3.2084074944243253,0.9849404912160634,0.015059508783936582,45.679760407726974
0.046,-0.3,1.04,0.023002028316211114,0.022528062850005477,0.04505231469717457,3.2084041945728363,0.9861900992605082,0.013809900739491843,49.84466969687705
0.044,-0.3,1.04,0.022001775053300456,0.021548395232137096,0.04309345532895024,3.208401031506371,0.9873829108526047,0.012617089147395344,54.58986370972954
0.042,-0.3,1.04,0.021001543806388006,0.020568752502394507,0.04113460436756646,3.208398005699159,0.988519440560542,0.011480559439458027,60.02849148722036
0.04,-0.3,1.04,0.02000133357339049,0.01958913352868306,0.03917576143225764,3.2083951176043137,0.9896001708433837,0.010399829156616303,66.30268478300177
0.038,-0.3,1.04,0.019001143352414006,0.01860953717906168,0.03721692614214708,3.2083923676538997,0.9906255531685882,0.009374446831411754,73.59294443435353
0.036,-0.3,1.04,0.018000972141744936,0.017629962897912514,0.035258099268427184,3.208389756260444,0.9915960060329785,0.008403993967021517,82.13124427389803
0.034,-0.3,1.04,0.01700081893984093,0.01665040841192852,0.03329927814708728,3.2083872838100653,0.9925119210067858,0.007488078993214242,92.2197481855973
0.032,-0.3,1.04,0.01600068274532185,0.015670873156314113,0.03134046353021052,3.2083849506735596,0.9933736665654669,0.006626333434533116,104.25797773921352
0.03,-0.3,1.04,0.015000562556960754,0.014691355999872207,0.029381655036934844,3.2083827571981898,0.9941815774966178,0.005818422503382159,118.7828328701484
0.028,-0.3,1.04,0.01400045737367484,0.013711855811654768,0.027422852286577797,3.2083807037107723,0.9949359669548006,0.005064033045199423,136.52964529101843
0.026,-0.3,1.04,0.013000366194516442,0.012732371460929438,0.025464054898589734,3.2083787905164116,0.9956371258616185,0.004362874138381545,158.5271542973349
0.024,-0.3,1.04,0.012000288018664,0.011752901817343484,0.023505262492901625,3.2083770178995312,0.9962853182110967,0.003714681788903329,186.24986223181335
0.022,-0.3,1.04,0.011000221845413027,0.01077344575098775,0.02154647469007288,3.20837538612332,0.9968807881904849,0.003119211809515132,221.8719418597903
0.02,-0.3,1.04,0.010000166674167114,0.00979400213261738,0.019587691111752726,3.2083738954299292,0.9974237565455089,0.002576243454491145,268.70672394922394
0.018,-0.3,1.04,0.009000121504428887,0.008814569834092179,0.017628911381580833,3.2083725460405286,0.9979144231470034,0.0020855768529965957,332.006045330068
0.016,-0.3,1.04,0.008000085335791027,0.007835147728985003,0.015670135126424005,3.2083713381552887,0.9983529678451137,0.0016470321548862632,420.4995050256407
0.014,-0.3,1.04,0.007000057167927228,0.006855734694034237,0.01371136197930104,3.208370271952713,0.9987395496641559,0.0012604503358440988,549.5736168541472
0.012,-0.3,1.04,0.0060000360005832126,0.005876334622080044,0.011752601605102133,3.2083693475964976,0.9990743054729079,0.0009256945270921246,748.4394576043902
0.01,-0.3,1.04,0.005000020833567712,0.00489693715633147,0.009793835169869458,3.208368565211521,0.9993573594437435,0.000642640556256513,1078.245728045514
0.13,-0.2,1.04,0.0650458580746109,0.06411756197420927,0.12814727825506275,3.379554313017943,0.8362066410805922,0.16379335891940783,3.8749387736762797
0.12,-0.2,1.04,0.06003605844527842,0.05917826477712298,0.11828745956657596,3.3794574181532853,0.8686764853260511,0.13132351467394887,4.923462075950868
0.1,-0.2,1.04,0.050020856805770016,0.04930469884202763,0.09856945006599374,3.3792850489934594,0.9153197394204637,0.08468026057953626,7.833779646702203
0.08,-0.2,1.04,0.040010674353988925,0.03943687566833628,0.07885330796724312,3.379142282212169,0.9481779946242341,0.05182200537576587,13.025890432840983
0.06,-0.2,1.04,0.030004501823476935,0.02957364306070444,0.059138664792101,3.379030161894161,0.9716816513789944,0.028318348621005573,24.12873041606751
0.058,-0.2,1.04,0.029004066372440036,0.028587527935834637,0.05716726850175435,3.3790206686309063,0.9735977411869465,0.02640225881305347,25.905209637431295
0.056,-0.2,1.04,0.02800365995804695,0.027601446135932274,0.05519588324519143,3.3790114908093343,0.9754402180240934,0.02455978197590658,27.874845696354516
0.054,-0.2,1.04,0.027003281576635237,0.026615396447260034,0.05322450851822666,3.3790026290881987,0.9772101339501921,0.022789866049807928,30.066805396992294
0.052,-0.2,1.04,0.02600293022479526,0.025629377721553832,0.05125314394699113,3.37899408410306,0.978908483946277,0.021091516053722947,32.51598633558676
0.05,-0.2,1.04,0.02500260489936114,0.024643388810734967,0.04928178915743459,3.3789858564663864,0.9805361770159651,0.01946382298403493,35.264368968447975
0.048,-0.2,1.04,0.024002304597401634,0.02365742856685692,0.04731044377523959,3.378977946767462,0.982094082014316,0.017905917985683972,38.36289070833887
0.046,-0.2,1.04,0.023002028316211114,0.02267149584215756,0.04533910742594636,3.3789703555724215,0.983582998694411,0.016417001305588985,41.87377290038642
0.044,-0.2,1.04,0.022001775053300456,0.02168558948896321,0.04336777973478154,3.3789630834242192,0.985003681078492,0.01499631892150799,45.873708581573744
0.042,-0.2,1.04,0.021001543806388006,0.020699708359787173,0.04139646032687566,3.3789561308426337,0.9863568291039867,0.013643170896013301,50.458064145061215
0.04,-0.2,1.04,0.02000133357339049,0.019713851307255198,0.039425148827134576,3.378949498324242,0.9876430932407865,0.012356906759213526,55.74661536395706
0.038,-0.2,1.04,0.019001143352414006,0.018728017184081625,0.03745384486021228,3.378943186342422,0.9888630901333201,0.011136909866679923,61.89151438763462
0.036,-0.2,1.04,0.018000972141744936,0.017742205423078368,0.03548254921036678,3.3789371953506957,0.9900173836380366,0.009982616361963403,69.08826897521185
0.034,-0.2,1.04,0.01700081893984093,0.016756413728408522,0.03351125920473457,3.3789315257698163,0.9911065048010743,0.008893495198925683,77.59157962864764
0.032,-0.2,1.04,0.01600068274532185,0.015770641523560638,0.031539975608153734,3.3789261780070325,0.992130940699572,0.007869059300428027,87.73810885942795
0.03,-0.2,1.04,0.015000562556960754,0.014784887662090738,0.029568698045450065,3.3789211524432923,0.9930911479089514,0.006908852091048634,99.9804278763916
0.028,-0.2,1.04,0.01400045737367484,0.013799150997738086,0.027597426141489113,3.3789164494362,0.9939875452985061,0.006012454701493919,114.93830098898577
0.026,-0.2,1.04,0.013000366194516442,0.01281343038457812,0.025626159521502462,3.378912069320752,0.9948205188278827,0.005179481172117306,133.47872742159865
0.024,-0.2,1.04,0.012000288018664,0.011827724676934596,0.0236548978109325,3.3789080124083504,0.9955904242325245,0.004409575767475471,156.84452402937768
0.022,-0.2,1.04,0.011000221845413027,0.010842032729687354,0.021683640636068358,3.3789042789876995,0.9962975851310518,0.0037024148689481784,186.86809894847704
0.02,-0.2,1.04,0.010000166674167114,0.009856353398308367,0.019712387624138475,3.378900869323618,0.996942296309478,0.003057703690522051,226.342049584665
0.018,-0.2,1.04,0.009000121504428887,0.008870685539390842,0.017741138404389185,3.378897783658944,0.9975248238293337,0.0024751761706662823,279.6928169208068
0.016,-0.2,1.04,0.008000085335791027,0.007885028011338361,0.015769892609483454,3.378895022212418,0.9980454064119864,0.0019545935880136422,354.27802147522414
0.014,-0.2,1.04,0.007000057167927228,0.006899379675656639,0.01379864987810482,3.3788925851805507,0.9985042533928792,0.001495746607120818,463.06550966917655
0.012,-0.2,1.04,0.0060000360005832126,0.0059137444420542026,0.011827419945002826,3.378890472744496,0.9989015481366768,0.0010984518633232465,630.6752617488238
0.01,-0.2,1.04,0.005000020833567712,0.0049281118795703694,0.009856183864009856,3.3788886850361424,0.9992374555582186,0.0007625444417813654,908.6458850533484
0.13,-0.16,1.04,0.0650458580746109,0.0642773608752287,0.1284662177014598,3.455421713400186,0.8182211920404009,0.1817788079595991,3.454981013067284
0.12,-0.16,1.04,0.06003605844527842,0.05932573403102908,0.11858188049060257,3.4552966325986305,0.8560058470006546,0.14399415299934537,4.45816680451867
0.1,-0.16,1.04,0.050020856805770016,0.04942753505860238,0.09881482320625967,3.4550745882246443,0.9079750136346547,0.09202498636534528,7.180013815206102
0.08,-0.16,1.04,0.040010674353988925,0.039535108801738564,0.07904962109430798,3.4548911138650102,0.9438895652018765,0.0561104347981235,12.003358013803151
0.06,-0.16,1.04,0.030004501823476935,0.02964729702630422,0.05928590814966629,3.4547472922922053,0.9693965538351648,0.030603446164835235,22.300948985050038
0.058,-0.16,1.04,0.029004066372440036,0.028658725068339053,0.05730960444008874,3.4547351254783956,0.9714711246884572,0.0285288753115428,23.948091989689377
0.056,-0.16,1.04,0.02800365995804695,0.027670186608613548,0.055333311694133226,3.4547233645010555,0.9734654009733009,0.02653459902669908,25.774264395782875
0.054,-0.16,1.04,0.027003281576635237,0.02668168042718744,0.053357029409632294,3.4547120100429596,0.9753806055797035,0.02461939442029648,27.806504441101342
0.052,-0.16,1.04,0.02600293022479526,0.025693205369832266,0.051380757215206095,3.454701062763142,0.9772178849220085,0.02278211507799155,30.077153602209062
0.05,-0.16,1.04,0.02500260489936114,0.024704760282480143,0.04940449473923832,3.454690523296753,0.9789783037300404,0.021021696269959644,32.62514162780002
0.048,-0.16,1.04,0.024002304597401634,0.023716344011222038,0.04742824160989346,3.454680392254806,0.9806628556096921,0.01933714439030787,35.4976729222079
0.046,-0.16,1.04,0.023002028316211114,0.022727955402279183,0.04545199745508038,3.4546706702242274,0.9822724652382975,0.017727534761702524,38.75242547867794
0.044,-0.16,1.04,0.022001775053300456,0.02173959330203675,0.04347576190254032,3.4546613577679164,0.9838080050434015,0.01619199495659851,42.46049955837972
0.042,-0.16,1.04,0.021001543806388006,0.0207512565570053,0.04149953457979059,3.45465245542476,0.9852702782018824,0.014729721798117601,46.71029309856908
0.04,-0.16,1.04,0.02000133357339049,0.01976294401382043,0.03952331511414451,3.4546439637096324,0.9866600349246011,0.013339965075398919,51.612845226154086
0.038,-0.16,1.04,0.019001143352414006,0.018774654519270396,0.03754710313278735,3.4546358831134585,0.9879779767440338,0.012022023255966241,57.309177601500885
0.036,-0.16,1.04,0.018000972141744936,0.01778638750162459,0.03557089942527005,3.4546282141068914,0.9892247523941518,0.010775247605848248,63.980527093665245
0.034,-0.16,1.04,0.01700081893984093,0.016798140656171672,0.03359470131535861,3.4546209571246425,0.9904009710923507,0.009599028907649299,71.86300502796773
0.032,-0.16,1.04,0.01600068274532185,0.015809913401881127,0.031618509573223284,3.454614112590167,0.9915071865942127,0.008492813405787336,81.26866548120388
0.03,-0.16,1.04,0.015000562556960754,0.014821704586354154,0.029642323826148526,3.4546076808977886,0.9925439208334401,0.007456079166559881,92.61702589188113
0.028,-0.16,1.04,0.01400045737367484,0.01383351305736112,0.027666143701427164,3.4546016624188707,0.9935116537375236,0.006488346262476408,106.48261105642331
0.026,-0.16,1.04,0.013000366194516442,0.012845337663010306,0.02568996882671847,3.454596057500325,0.9944108243339679,0.00558917566603212,123.66909750111289
0.024,-0.16,1.04,0.012000288018664,0.011857177251629925,0.023713798829832877,3.454590866464968,0.9952418360882831,0.004758163911716906,145.32849825573447
0.022,-0.16,1.04,0.011000221845413027,0.010869030672196859,0.021737633339610082,3.454586089612161,0.9960050584995946,0.003994941500405358,173.15941061082953
0.02,-0.16,1.04,0.010000166674167114,0.009880896774207984,0.01976147198568236,3.4545817272167665,0.9967008272483993,0.003299172751600743,209.75050315982583
0.018,-0.16,1.04,0.009000121504428887,0.008892774408307325,0.017785314399749466,3.4545777795301427,0.9973294432314271,0.0026705567685728626,259.2048338962539
0.016,-0.16,1.04,0.008000085335791027,0.007904662426911258,0.01580916021684971,3.454574246779164,0.997891178815872,0.002108821184128029,328.3427096118998
0.014,-0.16,1.04,0.007000057167927228,0.006916559685664761,0.01383300907829305,3.454571129167648,0.9983862724504526,0.0016137275495473613,429.1850596852392
0.012,-0.16,1.04,0.0060000360005832126,0.005928470100831858,0.01185687074628498,3.454568426884576,0.9988149310882877,0.001185068911712328,584.553673594207
0.01,-0.16,1.04,0.005000020833567712,0.004940383212377832,0.009880726230857562,3.4545661400639567,0.9991773403987387,0.0008226596012612664,842.2220178288853
0.13,-0.12,1.04,0.0650458580746109,0.06443512769064322,0.12878109813050798,3.536238108657428,0.7947747948340871,0.20522520516591292,3.017665644443576
0.12,-0.12,1.04,0.06003605844527842,0.059471328508649605,0.11887255591227297,3.5360809400226048,0.8406312665068962,0.15936873349310376,3.9927335812858504
0.1,-0.12,1.04,0.050020856805770016,0.049548810428653035,0.09905707699383363,3.5358023518635107,0.8993601335064952,0.10063986649350476,6.534702245175828
0.08,-0.12,1.04,0.040010674353988925,0.03963209422277354,0.07924343999341986,3.535572549044623,0.9389108592077405,0.061089140792259466,10.996273255512792
0.06,-0.12,1.04,0.030004501823476935,0.02972001577262312,0.05943128157307437,3.5353926537304767,0.9667556231304724,0.033244376869527636,20.50153137104149
0.058,-0.12,1.04,0.029004066372440036,0.02872901820165734,0.057450132835640426,3.5353774448010062,0.9690140957416357,0.03098590425836434,22.02136633642148
0.056,-0.12,1.04,0.02800365995804695,0.027738054297499933,0.05546899498551899,3.535362744592105,0.9711843957487045,0.02881560425129548,23.706314849793284
0.054,-0.12,1.04,0.027003281576635237,0.0267471228342173,0.053487867522866724,3.5353485538116303,0.9732679684321655,0.026732031567834547,25.58132270777957
0.052,-0.12,1.04,0.02600293022479526,0.025756222651762792,0.051506750078972104,3.535334873142577,0.975266157680445,0.024733842319555,27.67622168816027
0.05,-0.12,1.04,0.02500260489936114,0.02476535259022662,0.04952564228483429,3.535321703242852,0.9771802112535383,0.022819788746461733,30.0269220076047
0.048,-0.12,1.04,0.024002304597401634,0.023774511489880485,0.04754454377127326,3.5353090447454862,0.97901129343583,0.020988706564169957,32.676969905945555
0.046,-0.12,1.04,0.023002028316211114,0.02278369819111878,0.04556345416883318,3.535296898258623,0.9807604850196887,0.01923951498031129,35.67957321370618
0.044,-0.12,1.04,0.022001775053300456,0.02179291153451226,0.04358237310791063,3.535285264365504,0.9824287970090666,0.0175712029909334,39.100309388302826
0.042,-0.12,1.04,0.021001543806388006,0.020802150360746813,0.04160130021865307,3.5352741436244295,0.9840171664634711,0.01598283353652885,43.02072448144075
0.04,-0.12,1.04,0.02000133357339049,0.019811413510677653,0.039620235131088116,3.5352635365688485,0.9855264631150139,0.014473536884986093,47.54324059005455
0.038,-0.12,1.04,0.019001143352414006,0.01882069982523582,0.037639177474957486,3.5352534437073277,0.9869575021108264,0.013042497889173554,52.79794643096948
0.036,-0.12,1.04,0.018000972141744936,0.017830008728347984,0.035658128045392125,3.5352438655286123,0.9883110345406779,0.011688965459322076,58.952022537265506
0.034,-0.12,1.04,0.01700081893984093,0.016839337906628213,0.0336770841630747,3.5352348024813254,0.9895877595804247,0.010412240419575336,66.22323823969622
0.032,-0.12,1.04,0.01600068274532185,0.015848686774660958,0.03169604660366328,3.535226255004624,0.9907883235803863,0.009211676419613735,74.89947553932254
0.03,-0.12,1.04,0.015000562556960754,0.014858054174239601,0.029715014997082654,3.5352182235076874,0.9919133267135615,0.008086673286438528,85.36770758992861
0.028,-0.12,1.04,0.01400045737367484,0.013867438947351325,0.027733988973312,3.5352107083749553,0.9929633187306933,0.007036681269306677,98.15786107606104
0.026,-0.12,1.04,0.013000366194516442,0.012876839936255246,0.025752968162561993,3.535203709965655,0.9939388068960133,0.006061193103986673,114.0112830459702
0.024,-0.12,1.04,0.012000288018664,0.011886255983542711,0.023771952195416234,3.5351972286144786,0.9948402564582823,0.005159743541717665,133.99065328413224
0.022,-0.12,1.04,0.011000221845413027,0.010895685932301315,0.02179094070318014,3.5351912646311936,0.9956680900970337,0.00433190990296628,159.66277789613542
0.02,-0.12,1.04,0.010000166674167114,0.009905128626331592,0.019809933318335162,3.5351858183013745,0.9964226922791946,0.003577307720805445,193.4154659491854
0.018,-0.12,1.04,0.009000121504428887,0.0089145829104329,0.017828929675131402,3.535180889884659,0.9971044106388449,0.002895589361155082,239.03360401779932
0.016,-0.12,1.04,0.008000085335791027,0.00792404763120989,0.015847929411221363,3.535176479616319,0.9977135549733347,0.002286445026665307,302.80826729115626
0.014,-0.12,1.04,0.007000057167927228,0.006933521638625184,0.01386693217078613,3.5351725877076734,0.998250400017752,0.0017495999822479957,395.8279866645853
0.012,-0.12,1.04,0.0060000360005832126,0.005943008855500843,0.011885947743380209,3.5351692143554128,0.9987151826568845,0.0012848173431154741,539.1441866032962
0.01,-0.12,1.04,0.005000020833567712,0.004952498793328461,0.00990495709632398,3.5351663596962384,0.9991081147663159,0.0008918852336841088,776.824197282036
0.13,-0.08,1.04,0.0650458580746109,0.06459043946928086,0.12909107551965118,3.6225285592194294,0.7601710781777489,0.23982892182225113,2.5277805733519774
0.12,-0.08,1.04,0.06003605844527842,0.05961465820108206,0.11915870729049542,3.622334761715068,0.8214380314093503,0.17856196859064966,3.523901817098674
0.1,-0.08,1.04,0.050020856805770016,0.04966820054234239,0.0992955634617979,3.621991637101084,0.8891356978381014,0.11086430216189858,5.898853135391149
0.08,-0.08,1.04,0.040010674353988925,0.039727572794502584,0.07943424682655004,3.6217089659443773,0.9330784374885273,0.06692156251147274,10.007031815144204
0.06,-0.08,1.04,0.030004501823476935,0.029791605174850848,0.05957439699632815,3.6214879100761097,0.9636785812921609,0.036321418707839115,18.73499277022706
0.058,-0.08,1.04,0.029004066372440036,0.028798219700371015,0.057588478583419846,3.621469230276189,0.9661523332940475,0.03384766670595252,20.12987064578773
0.056,-0.08,1.04,0.02800365995804695,0.027804868054714476,0.05560257097285383,3.621451176614031,0.9685285303272907,0.03147146967270931,21.676199998827755
0.054,-0.08,1.04,0.027003281576635237,0.026811549006158127,0.05361667366736396,3.6214337498222697,0.9708088984993841,0.02919110150061588,23.39686850553595
0.052,-0.08,1.04,0.02600293022479526,0.02581826138904387,0.05163078630116609,3.621416950607748,0.9729950364509088,0.02700496354909121,25.319244340775583
0.05,-0.08,1.04,0.02500260489936114,0.02482500403788403,0.049644908508248535,3.6214007796516734,0.9750884253566302,0.024911574643369794,27.476271425731458
0.048,-0.08,1.04,0.024002304597401634,0.02383177578733239,0.04765903992233525,3.6213852376092466,0.9770904530375515,0.022909546962448513,29.90790996347583
0.046,-0.08,1.04,0.023002028316211114,0.02283857547221689,0.045673180176972375,3.6213703251099254,0.9790023929154392,0.020997607084560777,32.6629707558116
0.044,-0.08,1.04,0.022001775053300456,0.021845401927483882,0.04368732890543786,3.6213560427573457,0.9808254368657658,0.019174563134234157,35.80161567989236
0.042,-0.08,1.04,0.021001543806388006,0.020852253988258716,0.04170148574088373,3.62134239112941,0.9825606894518244,0.0174393105481756,39.39865925824611
0.04,-0.08,1.04,0.02000133357339049,0.019859130489765092,0.039715650316195915,3.6213293707782874,0.9842091770141812,0.015790822985818798,43.54807732743315
0.038,-0.08,1.04,0.019001143352414006,0.018866030267402734,0.037729822264170626,3.6213169822302773,0.9857718487525168,0.014228151247483223,48.36920059211108
0.036,-0.08,1.04,0.018000972141744936,0.01787295274084939,0.03574400238555293,3.6213052259915783,0.9872495891821524,0.012750410817847557,54.01541831131624
0.034,-0.08,1.04,0.01700081893984093,0.016879895588417418,0.033758187998534354,3.621294102525648,0.988643214946294,0.011356785053705964,60.68651673350572
0.032,-0.08,1.04,0.01600068274532185,0.01588685822046652,0.031772379884427986,3.6212836122874554,0.9899534826899891,0.010046517310010938,68.6466207284246
0.03,-0.08,1.04,0.015000562556960754,0.014893839473208348,0.02978657767609779,3.6212737557006687,0.9911810888376831,0.008818911162316923,78.25073343847241
0.028,-0.08,1.04,0.01400045737367484,0.013900838183040857,0.027800781006443977,3.621264533162623,0.9923266751119404,0.007673324888059607,89.9850331801958
0.026,-0.08,1.04,0.013000366194516442,0.01290785318664334,0.025814989508614116,3.621255945045698,0.993390832173122,0.006609167826878037,104.5296630591987
0.024,-0.08,1.04,0.012000288018664,0.011914883321096954,0.023829202816265212,3.6212479916963605,0.9943740986362972,0.005625901363702779,122.85952306312936
0.022,-0.08,1.04,0.011000221845413027,0.010921927423862608,0.021843420563540553,3.6212406734349267,0.9952769694010534,0.0047230305989466315,146.41213874130938
0.02,-0.08,1.04,0.010000166674167114,0.009928984333158319,0.01985764238584544,3.621233990556609,0.9960998864188206,0.0039001135811793652,177.3780710385372
0.018,-0.08,1.04,0.009000121504428887,0.008936052888276681,0.017871867920503156,3.6212279433306014,0.9968432542028878,0.003156745797112226,219.2297396751658
0.016,-0.08,1.04,0.008000085335791027,0.007943131930235693,0.015886096808077666,3.6212225320006546,0.9975074311223808,0.0024925688776191723,277.73874933283287
0.014,-0.08,1.04,0.007000057167927228,0.006950220303416211,0.013900328695669508,3.6212177567847195,0.99809273519664,0.0019072648033600093,363.0780379365469
0.012,-0.08,1.04,0.0060000360005832126,0.005957321937323532,0.011914573400279784,3.6212136178877437,0.9985994413220225,0.0014005586779775037,494.5609787138219
0.01,-0.08,1.04,0.005000020833567712,0.0049644263155849315,0.009928811847583135,3.621210115449464,0.9990277932260079,0.0009722067739921236,712.6160846424636
0.13,-0.04,1.04,0.0650458580746109,0.06474283080804778,0.1293952211528424,3.7148946002934826,0.70264056309525,0.29735943690475,1.9640915749515186
0.12,-0.04,1.04,0.06003605844527842,0.05975529397590418,0.11943947800230219,3.714658867644266,0.7963082371125859,0.20369176288741409,3.0432033188298933
0.1,-0.04,1.04,0.050020856805770016,0.049785348475403245,0.09952956970967482,3.7142418680727185,0.8768277363562141,0.12317226364378586,5.2732976232372
0.08,-0.04,1.04,0.040010674353988925,0.03982125942620301,0.07962147189677812,3.7138986885830665,0.9261761596855975,0.07382384031440248,9.038202143047492
0.06,-0.04,1.04,0.030004501823476935,0.02986185167653956,0.05971482751065238,3.7136305303392096,0.960061111476815,0.039938888523184946,17.006266734173114
0.058,-0.04,1.04,0.029004066372440036,0.028866123147872357,0.05772422903457084,3.7136078788745555,0.9627893760695984,0.03721062393040164,18.278904939622556
0.056,-0.04,1.04,0.02800365995804695,0.027870428601318244,0.05573364126417851,3.713585987943355,0.965408746083354,0.03459125391664597,19.689613714824933
0.054,-0.04,1.04,0.027003281576635237,0.026874766799656138,0.05374306370516892,3.71356485830294,0.9679213342950932,0.032078665704906806,21.259274172009267
0.052,-0.04,1.04,0.02600293022479526,0.025879136571927808,0.05175249599510748,3.7135444906838835,0.9703290699917635,0.029670930008236507,23.012841151724313
0.05,-0.04,1.04,0.02500260489936114,0.024883536747337454,0.049761937771310924,3.713524885790077,0.9726337516221979,0.027366248377802105,24.9803659954905
0.048,-0.04,1.04,0.024002304597401634,0.023887966155255656,0.047771388670876554,3.7135060442987653,0.974837038772638,0.025162961227361946,27.198282242874566
0.046,-0.04,1.04,0.023002028316211114,0.022892423625200414,0.0457808483306656,3.7134879668605207,0.976940465668968,0.023059534331032028,29.711106525447867
0.044,-0.04,1.04,0.022001775053300456,0.021896907986852787,0.043790316387355824,3.713470654099235,0.9789454611831744,0.02105453881682562,32.573705867789904
0.042,-0.04,1.04,0.021001543806388006,0.020901418070004996,0.041799792477359037,3.7134541066121183,0.9808533430436204,0.019146656956379626,35.85430479812196
0.04,-0.04,1.04,0.02000133357339049,0.01990595270462275,0.039809276236967006,3.713438324969704,0.9826653307682782,0.017334669231721778,39.63859498469258
0.038,-0.04,1.04,0.019001143352414006,0.01891051072079829,0.03781876730227886,3.713423309715927,0.9843825604348974,0.015617439565102642,44.03541220743027
0.036,-0.04,1.04,0.018000972141744936,0.01791509153433413,0.03582826648020189,3.713409061375203,0.9860060750223434,0.013993924977656613,49.18461871143223
0.034,-0.04,1.04,0.01700081893984093,0.016919692815520145,0.03383777108679587,3.713395580424349,0.9875368501922934,0.012463149807706575,55.26843246191683
0.032,-0.04,1.04,0.01600068274532185,0.0159243139707533,0.03184728190935398,3.71338286733434,0.9889757722006497,0.011024227799350306,62.52768247119294
0.03,-0.04,1.04,0.015000562556960754,0.014928953831018906,0.029856798584191283,3.7133709225431484,0.9903236664714627,0.009676333528537251,71.28611081690835
0.028,-0.04,1.04,0.01400045737367484,0.013933611227427808,0.027866320747534506,3.7133597464618155,0.9915812922644847,0.00841870773551534,81.98709223245393
0.026,-0.04,1.04,0.013000366194516442,0.012938284991373429,0.02587584803585738,3.713349339474574,0.9927493428303086,0.007250657169691421,95.25084835349838
0.024,-0.04,1.04,0.012000288018664,0.011942973954636706,0.0238853800861117,3.7133397019393426,0.9938284536721728,0.0061715463278272376,111.96644115139848
0.022,-0.04,1.04,0.011000221845413027,0.010947676949476553,0.021894916535929523,3.7133308341877362,0.9948192013267415,0.005180798673258491,133.44469487383228
0.02,-0.04,1.04,0.010000166674167114,0.009952392808777326,0.019904457023939327,3.71332273652447,0.995722109890416,0.004277890109584015,161.68332981247042
0.018,-0.04,1.04,0.009000121504428887,0.008957120366602218,0.01791400119089398,3.7133154092279113,0.996537650345162,0.0034623496548380484,199.84883011303071
0.016,-0.04,1.04,0.008000085335791027,0.007961858458754691,0.01592354868081487,3.713308852549868,0.9972662454455972,0.002733754554402834,253.20462659746337
0.014,-0.04,1.04,0.007000057167927228,0.006966605924264274,0.013933099143984688,3.7133030667152966,0.9979082638722114,0.002091736127788568,331.0274072652197
0.012,-0.04,1.04,0.0060000360005832126,0.005971366699553281,0.011942662425120546,3.7132980519385694,0.998464027955722,0.0015359720442780223,450.9292466722419
0.01,-0.04,1.04,0.005000020833567712,0.004976130240814997,0.009952219408913865,3.713293808358907,0.9989338241513805,0.001066175848619455,649.7779961627223
0.13,0.0,1.04,0.0650458580746109,0.06489179199834307,0.12969251792399006,3.814028344515009,0.6959476835991472,0.30405231640085284,1.9122314951260364
0.12,0.0,1.04,0.06003605844527842,0.05989276586287518,0.11971392992260882,3.813744449415382,0.7596409204462639,0.24035907955373614,2.521365598215139
0.1,0.0,1.04,0.050020856805770016,0.04989986336536789,0.09975831506070475,3.8132426169535343,0.8617466692990072,0.13825333070099277,4.658436942490775
0.08,0.0,1.04,0.040010674353988925,0.03991284193751678,0.07980449137904955,3.812829965572377,0.9179127290468213,0.08208727095317869,8.092507093722812
0.06,0.0,1.04,0.030004501823476935,0.02993052143944929,0.0598521056652201,3.8125077345826606,0.9557657189221876,0.044234281077812354,15.320722675476622
0.058,0.0,1.04,0.029004066372440036,0.028932502524739997,0.057856932354057075,3.812480524002951,0.9587982066385538,0.04120179336144625,16.474224563032458
0.056,0.0,1.04,0.02800365995804695,0.027934517734219316,0.05586176963672907,3.8124542282734906,0.9617079235646577,0.03829207643534227,17.752753665532243
0.054,0.0,1.04,0.027003281576635237,0.026936565825587615,0.053866617022476554,3.8124288481757285,0.964497473146361,0.03550252685363897,19.175221462827835
0.052,0.0,1.04,0.02600293022479526,0.02593864562294509,0.05187147415268038,3.8124043844631252,0.9671692449469621,0.0328307550530379,20.764237785220683
0.05,0.0,1.04,0.02500260489936114,0.024940755950596503,0.049876340668552066,3.8123808378617303,0.969725448817119,0.030274551182881027,22.54702497566132
0.048,0.0,1.04,0.024002304597401634,0.023942895632981093,0.04788121621101513,3.8123582090699895,0.9721681179083705,0.027831882091629456,24.556586066489917
0.046,0.0,1.04,0.023002028316211114,0.022945063494729728,0.04588610042084093,3.8123364987589,0.9744991305531399,0.02550086944686014,26.833249933548903
0.044,0.0,1.04,0.022001775053300456,0.021947258360588844,0.043890992938517996,3.8123157075718948,0.9767202232804298,0.023279776719570155,29.42671482762361
0.042,0.0,1.04,0.021001543806388006,0.020949479055472852,0.04189589340437834,3.8122958361248673,0.9788329966774564,0.02116700332254362,32.3987806975943
0.04,0.0,1.04,0.02000133357339049,0.019951724404431822,0.039900801458554305,3.812276885006289,0.9808389333021761,0.019161066697823914,35.827078879207214
0.038,0.0,1.04,0.019001143352414006,0.01895399323266169,0.03790571674102043,3.8122588547771796,0.9827393993849618,0.017260600615038202,39.81018785972285
0.036,0.0,1.04,0.018000972141744936,0.017956284952426294,0.03591064006526975,3.812241745979458,0.9845356510660588,0.015464348933941219,44.4747934154714
0.034,0.0,1.04,0.01700081893984093,0.01695859722637622,0.03391556874574714,3.8122255591022856,0.986228865012019,0.013771134987980993,49.98596260212269
0.032,0.0,1.04,0.01600068274532185,0.0159609294574915,0.03192050357656814,3.81221029463334,0.9878201053618438,0.012179894638156163,56.561846354107715
0.03,0.0,1.04,0.015000562556960754,0.01496328047170093,0.029925444197589406,3.812195953023249,0.9893103606027677,0.010689639397232331,64.49570208271739
0.028,0.0,1.04,0.01400045737367484,0.013965649095301855,0.027930390249062353,3.8121825346965377,0.9907005353140947,0.009299464685905257,74.18913199316921
0.026,0.0,1.04,0.013000366194516442,0.012968034154812782,0.025935341371359843,3.812170040049445,0.9919914590732334,0.008008540926766616,86.20395631341164
0.024,0.0,1.04,0.012000288018664,0.011970434477106138,0.023940297205263094,3.8121584694510817,0.9931838875884322,0.006816112411567765,101.34548280810876
0.022,0.0,1.04,0.011000221845413027,0.010972848889575658,0.021945257392317886,3.8121478232435067,0.9942785105271317,0.005721489472868324,120.80112536899163
0.02,0.0,1.04,0.010000166674167114,0.009975276220227694,0.019950221575038576,3.812138101740335,0.9952759496973118,0.0047240503026881875,146.38046021189123
0.018,0.0,1.04,0.009000121504428887,0.00897771529819862,0.017955189397964325,3.8121293052292295,0.9961767630576672,0.003823236942332775,180.9517202580542
0.016,0.0,1.04,0.008000085335791027,0.007980164954461591,0.015960160509093994,3.812121433969784,0.9969814516047535,0.003018548395246512,229.28256025000454
0.014,0.0,1.04,0.007000057167927228,0.006982624023201976,0.013965134562658415,3.812114488193985,0.9976904546311347,0.0023095453688652956,299.77607454816024
0.012,0.0,1.04,0.0060000360005832126,0.0059850964476764685,0.011970121430677227,3.8121084681238737,0.9983041533024798,0.0016958466975202091,408.38554548288874
0.01,0.0,1.04,0.005000020833567712,0.00498757165765599,0.009975101958633633,3.8121033739006194,0.9988228868053263,0.001177113194673729,588.5068209804925
0.13,0.05,1.04,0.0650458580746109,0.06507231992681715,0.13005281173922556,3.948693204414739,0.6871730711050318,0.3128269288949682,1.8475593776478745
0.12,0.05,1.04,0.06003605844527842,0.0600593728860975,0.12004654484135814,3.948338629406819,0.68736933054179,0.31263066945821005,1.8489667351966885
0.1,0.05,1.04,0.050020856805770016,0.050038652587036034,0.10003554702940179,3.9477123226669746,0.8373121163546033,0.16268788364539666,3.903770601813881
0.08,0.05,1.04,0.040010674353988925,0.04002384069502629,0.080026311600561,3.9471977556602535,0.9050424847588957,0.0949575152411043,6.947214757025713
0.06,0.05,1.04,0.030004501823476935,0.03001375151834376,0.060018491060567385,3.94679621187351,0.9491565606257061,0.05084343937429392,13.2833843290553
0.058,0.05,1.04,0.029004066372440036,0.029012956721791033,0.058017773218053195,3.9467623145643804,0.9526615742061785,0.047338425793821526,14.293004492821968
0.056,0.05,1.04,0.02800365995804695,0.028012196207034733,0.05601706580220363,3.9467295585095803,0.9560214901357833,0.0439785098642167,15.411871543952273
0.054,0.05,1.04,0.027003281576635237,0.027011468726113333,0.0540163683276261,3.9466979445185792,0.9592398264371688,0.04076017356283124,16.656523954272426
0.052,0.05,1.04,0.02600293022479526,0.02601077309765663,0.052015680441444945,3.9466674733712592,0.9623197909435686,0.037680209056431435,18.046731653457126
0.05,0.05,1.04,0.02500260489936114,0.02501010814052223,0.050015001790655884,3.9466381458191293,0.9652643449746001,0.03473565502539988,19.606303312346974
0.048,0.05,1.04,0.024002304597401634,0.02400947267369277,0.04801433202194233,3.9466099625851303,0.9680761837171925,0.03192381628280749,21.36409370860434
0.046,0.05,1.04,0.023002028316211114,0.023008865516342136,0.04601367078182942,3.946582924363781,0.9707578014229776,0.02924219857702237,23.35537378647538
0.044,0.05,1.04,0.022001775053300456,0.02200828548776106,0.044013017716556975,3.946557031821026,0.9733114733363015,0.026688526663698475,25.623592843229346
0.042,0.05,1.04,0.021001543806388006,0.021007731407435684,0.042012372472258294,3.946532285594405,0.9757392978537249,0.02426070214627507,28.222787663870808
0.04,0.05,1.04,0.02000133357339049,0.02000720209498096,0.04001173469484865,3.9465086862930785,0.9780432086249357,0.021956791375064344,31.22083584836733
0.038,0.05,1.04,0.019001143352414006,0.019006696948821983,0.03801110518720061,3.9464862345081286,0.9802249798170334,0.01977502018296662,34.703927494150726
0.036,0.05,1.04,0.018000972141744936,0.018006213641387322,0.03601048130040674,3.9464649307704582,0.9822862464441524,0.01771375355584759,38.782845905738135
0.034,0.05,1.04,0.01700081893984093,0.0170057515627243,0.034009863819722055,3.946444775614775,0.9842285115451386,0.015771488454861426,43.601890774482875
0.032,0.05,1.04,0.01600068274532185,0.0160053095332384,0.032009252390957026,3.946425769536631,0.9860531482419208,0.013946851758079193,49.351801206066824
0.03,0.05,1.04,0.015000562556960754,0.015004886373523837,0.03000864665993225,3.946407913003164,0.9877614293047218,0.012238570695278228,56.28900034056299
0.028,0.05,1.04,0.01400045737367484,0.014004480904395713,0.028008046272564414,3.9463912064527773,0.9893545081909252,0.010645491809074814,64.7646126204509
0.026,0.05,1.04,0.013000366194516442,0.01300409194696637,0.02600745087504061,3.9463756502960194,0.9908334406200068,0.009166559379993222,75.26983556936531
0.024,0.05,1.04,0.012000288018664,0.012003718322685392,0.024006860113920003,3.946361244914807,0.9921991929680117,0.007800807031988266,88.50880367468737
0.022,0.05,1.04,0.011000221845413027,0.011003358853497994,0.02200627363647221,3.946347990662603,0.9934526382191733,0.00654736178082671,105.51968513704128
0.02,0.05,1.04,0.010000166674167114,0.010003012362093867,0.020005691091196615,3.946335887865424,0.9945945644995196,0.005405435500480449,127.88462779598727
0.018,0.05,1.04,0.009000121504428887,0.009002677672124756,0.018005112128279148,3.9463249368196576,0.9956256788455795,0.004374321154420491,158.11140157978704
0.016,0.05,1.04,0.008000085335791027,0.008002353609224931,0.01600453640165482,3.9463151377943975,0.9965466155663012,0.003453384433698803,200.3685520525822
0.014,0.05,1.04,0.007000057167927228,0.007002039002125569,0.014003963571258118,3.946306491029651,0.9973579275240135,0.0026420724759864678,262.0030716651518
0.012,0.05,1.04,0.0060000360005832126,0.00600173780303962,0.012003403543629996,3.946298996757695,0.9980600954386691,0.001939904561330863,356.96325329143144
0.01,0.05,1.04,0.005000020833567712,0.005001439410119916,0.01000283711762971,3.94629265511982,0.9986535456304658,0.001346454369534178,514.4477569518707
0.13,0.1,1.04,0.0650458580746109,0.06524543488272619,0.13039830692003432,4.097044973281295,0.6779077535363347,0.3220922464636653,1.7830425135157273
0.12,0.1,1.04,0.06003605844527842,0.060219143157803696,0.12036550771257813,4.096605505185469,0.6780878516233464,0.3219121483766536,1.7842617153581384
0.1,0.1,1.04,0.050020856805770016,0.050171753313097915,0.10030141439768485,4.095829721507351,0.8028628618682263,0.1971371381317737,3.1568196085070226
0.08,0.1,1.04,0.040010674353988925,0.040130294416801396,0.08023904808397783,4.0951927940247375,0.888225279416335,0.111774720583665,5.847868985015836
0.06,0.1,1.04,0.030004501823476935,0.03009357618199991,0.060178068293814876,4.09469604333247,0.9406800761166635,0.05931992388333651,11.33479100317653
0.058,0.1,1.04,0.029004066372440036,0.029090119291386784,0.058172033237206,4.094654119946984,0.9447993307580732,0.05520066924192679,12.20700858913643
0.056,0.1,1.04,0.02800365995804695,0.028086696812331714,0.05616600840165688,4.094613609665525,0.9487429838932117,0.051257016106788345,13.173358998191407
0.054,0.1,1.04,0.027003281576635237,0.027083307492138116,0.05415999330839447,4.094574513321001,0.9525160329708917,0.04748396702910829,14.248115889489169
0.052,0.1,1.04,0.02600293022479526,0.02607995014497511,0.0521539876117056,4.094536831715527,0.9561229984156027,0.043877001584397335,15.448340430938815
0.05,0.1,1.04,0.02500260489936114,0.025076623585170814,0.0501479909656058,4.094500565621851,0.9595680077953068,0.04043199220469318,16.794575209926826
0.048,0.1,1.04,0.024002304597401634,0.024073326627225583,0.0481420030238877,4.094465715783396,0.9628547875221791,0.03714521247782088,18.311711553232797
0.046,0.1,1.04,0.023002028316211114,0.023070058085812997,0.046136023440144946,4.094432282914276,0.9659867657815934,0.03401323421840663,20.03017709976645
0.044,0.1,1.04,0.022001775053300456,0.022066816775769722,0.044130051867773766,4.094400267699231,0.9689670535136754,0.031032946486324597,21.98745365990364
0.042,0.1,1.04,0.021001543806388006,0.02106360151208561,0.04212408795997509,4.094369670793717,0.9717985007213653,0.02820149927863469,24.230154560660633
0.04,0.1,1.04,0.02000133357339049,0.020060411109865735,0.0401181313697005,4.094340492823934,0.9744837134453779,0.025516286554622125,26.81682589050412
0.038,0.1,1.04,0.019001143352414006,0.019057244964593774,0.038112182909990126,4.09431273439938,0.9770250828054121,0.022974917194587885,29.821819602705798
0.036,0.1,1.04,0.018000972141744936,0.018054100741242887,0.03610623993307748,4.094286396062781,0.9794247928687385,0.020575207131261486,33.340692264209366
0.034,0.1,1.04,0.01700081893984093,0.017050977826827202,0.03410030323419413,4.094261478364898,0.9816848383782257,0.018315161621774267,37.4978986169
0.032,0.1,1.04,0.01600068274532185,0.01604787503732831,0.032094372466344036,4.09423798181601,0.9838070550589249,0.01619294494107515,42.45798810329374
0.03,0.1,1.04,0.015000562556960754,0.015044791188853638,0.030088447282412344,4.094215906895735,0.9857931065728824,0.014206893427117562,48.44209664599354
0.028,0.1,1.04,0.01400045737367484,0.014041725097756164,0.02808252733542658,4.094195254055059,0.9876445268966048,0.012355473103395243,55.753124252096285
0.026,0.1,1.04,0.013000366194516442,0.013038675580709527,0.02607661227872868,4.09417602371613,0.9893626971611762,0.010637302838823803,64.81473845808944
0.024,0.1,1.04,0.012000288018664,0.012035641454699963,0.02407070176598074,4.094158216271476,0.9909488797655779,0.009051120234422116,76.23427044049245
0.022,0.1,1.04,0.011000221845413027,0.01103262153719845,0.022064795451531064,4.094141832084418,0.9924042161935118,0.007595783806488177,90.90718676581713
0.02,0.1,1.04,0.010000166674167114,0.010029614646437923,0.020058892990990427,4.094126871490107,0.9937297368569333,0.006270263143066668,110.19821322386976
0.018,0.1,1.04,0.009000121504428887,0.009026619601646302,0.018052994041719943,4.094113334793291,0.9949263526136831,0.005073647386316882,136.2702696958286
0.016,0.1,1.04,0.008000085335791027,0.008023635224034518,0.016047098264828887,4.094101222270874,0.9959948924422654,0.004005107557734644,172.71900383802205
0.014,0.1,1.04,0.007000057167927228,0.007020660337876614,0.014041205327356726,4.094090534169118,0.9969360721281366,0.003063927871863381,225.881544845782
0.012,0.1,1.04,0.0060000360005832126,0.006017698904647706,0.012035325170385011,4.094081270729686,0.9977505115489527,0.0022494884510473323,307.7887660774971
0.01,0.1,1.04,0.005000020833567712,0.005014740292879688,0.010029438549550794,4.094073432091212,0.9984387592231636,0.0015612407768363923,443.62533000074393
0.13,-0.16,1.04,0.0650458580746109,0.0642773608752287,0.1284662177014598,3.455421713400186,0.8182211920404009,0.1817788079595991,3.454981013067284
0.12,-0.16,1.04,0.06003605844527842,0.05932573403102908,0.11858188049060257,3.4552966325986305,0.8560058470006546,0.14399415299934537,4.45816680451867
0.1,-0.16,1.04,0.050020856805770016,0.04942753505860238,0.09881482320625967,3.4550745882246443,0.9079750136346547,0.09202498636534528,7.180013815206102
0.08,-0.16,1.04,0.040010674353988925,0.039535108801738564,0.07904962109430798,3.4548911138650102,0.9438895652018765,0.0561104347981235,12.003358013803151
0.06,-0.16,1.04,0.030004501823476935,0.02964729702630422,0.05928590814966629,3.4547472922922053,0.9693965538351648,0.030603446164835235,22.300948985050038
0.058,-0.16,1.04,0.029004066372440036,0.028658725068339053,0.05730960444008874,3.4547351254783956,0.9714711246884572,0.0285288753115428,23.948091989689377
0.056,-0.16,1.04,0.02800365995804695,0.027670186608613548,0.055333311694133226,3.4547233645010555,0.9734654009733009,0.02653459902669908,25.774264395782875
0.054,-0.16,1.04,0.027003281576635237,0.02668168042718744,0.053357029409632294,3.4547120100429596,0.9753806055797035,0.02461939442029648,27.806504441101342
0.052,-0.16,1.04,0.02600293022479526,0.025693205369832266,0.051380757215206095,3.454701062763142,0.9772178849220085,0.02278211507799155,30.077153602209062
0.05,-0.16,1.04,0.02500260489936114,0.024704760282480143,0.04940449473923832,3.454690523296753,0.9789783037300404,0.021021696269959644,32.62514162780002
0.048,-0.16,1.04,0.024002304597401634,0.023716344011222038,0.04742824160989346,3.454680392254806,0.9806628556096921,0.01933714439030787,35.4976729222079
0.046,-0.16,1.04,0.023002028316211114,0.022727955402279183,0.04545199745508038,3.4546706702242274,0.9822724652382975,0.017727534761702524,38.75242547867794
0.044,-0.16,1.04,0.022001775053300456,0.02173959330203675,0.04347576190254032,3.4546613577679164,0.9838080050434015,0.01619199495659851,42.46049955837972
0.042,-0.16,1.04,0.021001543806388006,0.0207512565570053,0.04149953457979059,3.45465245542476,0.9852702782018824,0.014729721798117601,46.71029309856908
0.04,-0.16,1.04,0.02000133357339049,0.01976294401382043,0.03952331511414451,3.4546439637096324,0.9866600349246011,0.013339965075398919,51.612845226154086
0.038,-0.16,1.04,0.019001143352414006,0.018774654519270396,0.03754710313278735,3.4546358831134585,0.9879779767440338,0.012022023255966241,57.309177601500885
0.036,-0.16,1.04,0.018000972141744936,0.01778638750162459,0.03557089942527005,3.4546282141068914,0.9892247523941518,0.010775247605848248,63.980527093665245
0.034,-0.16,1.04,0.01700081893984093,0.016798140656171672,0.03359470131535861,3.4546209571246425,0.9904009710923507,0.009599028907649299,71.86300502796773
0.032,-0.16,1.04,0.01600068274532185,0.015809913401881127,0.031618509573223284,3.454614112590167,0.9915071865942127,0.008492813405787336,81.26866548120388
0.03,-0.16,1.04,0.015000562556960754,0.014821704586354154,0.029642323826148526,3.4546076808977886,0.9925439208334401,0.007456079166559881,92.61702589188113
0.028,-0.16,1.04,0.01400045737367484,0.01383351305736112,0.027666143701427164,3.4546016624188707,0.9935116537375236,0.006488346262476408,106.48261105642331
0.026,-0.16,1.04,0.013000366194516442,0.012845337663010306,0.02568996882671847,3.454596057500325,0.9944108243339679,0.00558917566603212,123.66909750111289
0.024,-0.16,1.04,0.012000288018664,0.011857177251629925,0.023713798829832877,3.454590866464968,0.9952418360882831,0.004758163911716906,145.32849825573447
0.022,-0.16,1.04,0.011000221845413027,0.010869030672196859,0.021737633339610082,3.454586089612161,0.9960050584995946,0.003994941500405358,173.15941061082953
0.02,-0.16,1.04,0.010000166674167114,0.009880896774207984,0.01976147198568236,3.4545817272167665,0.9967008272483993,0.003299172751600743,209.75050315982583
0.018,-0.16,1.04,0.009000121504428887,0.008892774408307325,0.017785314399749466,3.4545777795301427,0.9973294432314271,0.0026705567685728626,259.2048338962539
0.016,-0.16,1.04,0.008000085335791027,0.007904662426911258,0.01580916021684971,3.454574246779164,0.997891178815872,0.002108821184128029,328.3427096118998
0.014,-0.16,1.04,0.007000057167927228,0.006916559685664761,0.01383300907829305,3.454571129167648,0.9983862724504526,0.0016137275495473613,429.1850596852392
0.012,-0.16,1.04,0.0060000360005832126,0.005928470100831858,0.01185687074628498,3.454568426884576,0.9988149310882877,0.001185068911712328,584.553673594207
0.01,-0.16,1.04,0.005000020833567712,0.004940383212377832,0.009880726230857562,3.4545661400639567,0.9991773403987387,0.0008226596012612664,842.2220178288853
