q,alpha_p,P,alpha_h,s_real,T,v_nom,v_real,lam_max,margin,N_half,eig_type
0.01,0.005000020833567712,2.600043334200019e-05,0.0049403782387581275,0.009880716283739545,3.45456614005699,0.0028947195087817975,0.0028601902187278846,0.9991773426929651,0.0008226573070349019,842.2243675840969,real
0.011,0.005500027729544136,3.1460634458687255e-05,0.005434421268023737,0.010868789037990654,3.4545672315236153,0.0031841904536182722,0.0031462085724691608,0.999004409660895,0.0009955903391050125,695.8706314707575,real
0.012,0.0060000360005832126,3.744089858587933e-05,0.005928465901277722,0.011856862347324306,3.454568426876756,0.0034736611110780897,0.0034322268029422097,0.9988149338143135,0.0011850661856864786,584.5550190494955,real
0.013,0.006500045771703573,4.3941237685167194e-05,0.006422512277254836,0.012844936248008249,3.4545697260980788,0.0037631314550664583,0.0037182448948617827,0.998608894892829,0.0013911051071709979,497.9242365225066,real
0.014,0.007000057167927228,5.0961664758592054e-05,0.00691656053670037,0.013833010780323556,3.454571129170009,0.004052601459493938,0.004004262834109615,0.9983862716226601,0.0016137283773398625,429.1848393487659,real
0.015,0.0075000703142798445,5.85021938487235e-05,0.007410610821106069,0.014821085986035841,3.4545726360718,0.004342071098281067,0.004290280607006985,0.998147041060492,0.001852958939507987,373.72916401661627,real
0.016,0.008000085335791027,6.656284003874385e-05,0.007904663272732974,0.015809161908440294,3.4545742467818816,0.004631540345356551,0.004576298200325949,0.9978911782677755,0.002108821732224486,328.3426241833581,real
0.017,0.0085001023574946,7.514361945253858e-05,0.008398718034223962,0.016797238591586112,3.4545759612774445,0.004921009174658208,0.004862315601065774,0.9976186548651995,0.0023813451348004833,290.72708997965606,real
0.018,0.009000121504428887,8.424454925479306e-05,0.00889277524861878,0.017785316080305928,3.4545777795331976,0.00521047756013537,0.005148332796463822,0.9973294424465287,0.002670557553471342,259.2047576119037,real
0.019,0.009500142901637003,9.386564765109585e-05,0.009386835059191303,0.018773394419889664,3.4545797015233286,0.005499945475746811,0.0054343497738990835,0.9970235104425365,0.0029764895574635464,232.5273050748161,real
0.02,0.010000166674167114,0.00010400693388804755,0.009880897609285313,0.019761473655755486,3.4545817272201615,0.005789412895463218,0.005720366520799373,0.9967008264294643,0.003299173570535663,209.75045100853947,real
0.021,0.01050019294707274,0.00011466842825337663,0.010374963042491737,0.02074955383380359,3.45458385659473,0.006078879793266974,0.006006383024743519,0.9963613544117711,0.003638645588228906,190.1491473038524,real
0.022,0.011000221845413027,0.00012585015207606108,0.01086903150244044,0.021737634999999162,3.4545860896159026,0.00636834614315432,0.006292399273342774,0.9960050578298973,0.0039949421701026555,173.15938152485182,real
0.023,0.011500253494253033,0.0001375521277264565,0.011363103132829918,0.022725717200431136,3.4545884262518403,0.006657811919133459,0.0065784152542559425,0.9956318980295764,0.004368101970423588,158.33701042796488,real
0.024,0.012000288018664,0.0001497743786164303,0.01185717807746437,0.02371380048138566,3.454590866469043,0.006947277095226775,0.006864430955212845,0.9952418352255814,0.004758164774418594,145.32847184332292,real
0.025,0.012500325543723647,0.0001625169291995022,0.012351255155318286,0.024701882239676762,3.4545934102257516,0.0072367416454853645,0.007150445597029764,0.9948348258910047,0.005165174108995307,133.84941301141865,real
0.026,0.013000366194516442,0.00017577980497099124,0.012845337172430315,0.02568996784563943,3.4545960574980232,0.007526205543935689,0.007436460708591581,0.9944108245980718,0.005589175401928159,123.6691033612262,real
0.027,0.013500410096133899,0.00018956303246816882,0.013339422934445502,0.026678054669383285,3.4545988082414794,0.007815668764658671,0.007722475503013161,0.9939697833953498,0.006030216604650196,114.59872924166974,real
0.028,0.01400045737367484,0.00020386663927041775,0.013833512585366116,0.02766614275752748,3.4546016624164815,0.00810513128173918,0.008008489968182066,0.9935116543383435,0.006488345661656458,106.48262094886141,real
0.029,0.01450050815224569,0.000218690653999398,0.014327606269267506,0.02865423215681992,3.454604619981937,0.008394593069279121,0.008294504092039842,0.9930363854723513,0.006963614527648709,99.19144176202174,real
0.03,0.015000562556960754,0.0002340351063192187,0.014821704130193727,0.029642322913927883,3.4546076808952946,0.008684054101398053,0.00858051786252203,0.9925439217038252,0.007456078296174784,92.6170367440855,real
0.031,0.015500620712942503,0.00024990002693661613,0.015315806312240632,0.030630415075603545,3.454610845112444,0.008973514352234074,0.008866531267606947,0.9920342091643953,0.00796579083560467,86.66845290939955,real
0.032,0.01600068274532185,0.00026628544760113823,0.01580991295944822,0.03161850868846806,3.4546141125875858,0.009262973795944828,0.00915254429525417,0.9915071871991548,0.00849281280084524,81.26867129471849,real
0.033,0.016500748779238444,0.000283191401105335,0.01630402421589892,0.03260660379920743,3.4546174832735916,0.009552432406707221,0.009438556933460965,0.9909627957630501,0.00903720423694987,76.35219556901065,real
0.034,0.01700081893984093,0.00030061792128495564,0.016798140225670846,0.03359470045447844,3.4546209571219433,0.009841890158718171,0.00972456917023577,0.9904009699500144,0.009599030049985635,71.86299643450558,real
0.035,0.01750089335228726,0.0003185650430191521,0.017292261132897134,0.03458279870102661,3.4546245340827757,0.010131347026195054,0.010010580993632803,0.9898216468332328,0.010178353166767184,67.75296613345411,real
0.036,0.018000972141744936,0.0003370328022306876,0.017786387081662573,0.03557089858547888,3.4546282141040923,0.010420802983378654,0.01029659239169494,0.9892247532308325,0.010775246769167524,63.98053208865946,real
0.037,0.01850105543339135,0.0003560212358861541,0.01828051821606652,0.03655900015446874,3.4546319971328185,0.010710258004530801,0.010582603352487611,0.9886102230209382,0.01138977697906185,60.50972285201847,real
0.038,0.019001143352414006,0.0003755303819961924,0.018774654680243977,0.03754710345467777,3.454635883114723,0.010999712063935069,0.010868613864111505,0.9879779770491748,0.012022022950825217,57.30917906494532,real
0.039,0.01950123602401084,0.00039556027961572206,0.01926879661829857,0.03853520853270097,3.4546398719932316,0.01128916513590115,0.011154623914667905,0.9873279412605451,0.012672058739454872,54.35155084544349,real
0.04,0.02000133357339049,0.0004161109688441753,0.01976294417438506,0.039523315435211065,3.4546439637109567,0.011578617194760717,0.011440633492302161,0.9866600363213016,0.013339963678698386,51.6128506664929,real
0.041,0.02050143612577258,0.000437182490825738,0.020257097492642345,0.04051142420882393,3.45464815820892,0.011868068214870443,0.011726642585167714,0.9859741758976693,0.014025824102330664,49.07196551942262,real
0.042,0.021001543806388006,0.0004587748877495977,0.020751256717192936,0.041499534900096884,3.4546524554261353,0.012157518170614142,0.012012651181427704,0.9852702782653777,0.01472972173462228,46.710293301424244,real
0.043,0.021501656740479203,0.0004808882028501953,0.02124542199222828,0.04248764755569866,3.454656855300993,0.012446967036398625,0.01229865926930009,0.9845482525520878,0.015451747447912223,44.51134841353263,real
0.044,0.022001775053300456,0.0005035224804074874,0.021739593461894746,0.04347576222218076,3.454661357769375,0.01273641478666093,0.012584666836998585,0.9838080043539411,0.016191995646058888,42.46049773556017,real
0.045,0.02250189887011816,0.0005266777657472109,0.022233771270371197,0.04446387894613194,3.45466596276666,0.013025861395861807,0.012870673872770947,0.9830494450965761,0.016950554903423898,40.544739171595765,real
0.046,0.023002028316211114,0.0005503541052411552,0.022727955561816216,0.04545199777407203,3.454670670225744,0.013315306838493565,0.013156680364875993,0.9822724652620289,0.017727534737971062,38.75242553102169,real
0.047,0.02350216351687079,0.0005745515463074422,0.02322214648046717,0.04644011875264937,3.454675480079028,0.013604751089073306,0.013442686301634045,0.9814769705028847,0.018523029497115262,37.07317875385245,real
0.048,0.024002304597401634,0.0005992701374108105,0.02371634417047729,0.047428241928314394,3.4546803922563876,0.013894194122151286,0.013728691671340729,0.9806628534031964,0.019337146596803634,35.49766883188467,real
0.049,0.024502451683121342,0.0006245099280629072,0.024210548776074474,0.04841636734763653,3.454685406687203,0.014183635912303665,0.01401469646235151,0.9798300007050335,0.020169999294966545,34.017505010026866,real
0.05,0.02500260489936114,0.0006502709688225851,0.024704760441463913,0.04940449505710883,3.4546905232983893,0.014473076434140955,0.014300700663033501,0.9789783015463887,0.021021698453611348,32.625138202571065,real
0.051,0.02550276437146606,0.0006765533112962078,0.025198979310888627,0.05039262510326839,3.4546957420162308,0.014762515662301237,0.01458670426179361,0.9781076361666207,0.021892363833379336,31.31374388336679,real
0.052,0.02600293022479526,0.000703357008137959,0.02569320552856443,0.05138075753256564,3.4547010627648502,0.015051953571457092,0.014872707247047543,0.9772178820716997,0.022782117928300316,30.0771497955108,real
0.053,0.026503102584722254,0.0007306821130501605,0.02618743923874677,0.052368892391497356,3.4547064854671783,0.015341390136312213,0.015158709607254966,0.9763089180458486,0.023691081954151372,28.909767337196065,real
0.054,0.027003281576635237,0.0007585286807835933,0.026681680585690745,0.05335702972652607,3.4547120100447275,0.01563082533160293,0.01544471133089767,0.9753806064707714,0.024619393529228595,27.806505460171362,real
0.055,0.027503467325937343,0.0007868967671378293,0.027175929713642508,0.054345169584062214,3.454717636417057,0.01592025913210128,0.01573071240647744,0.9744328134887333,0.02556718651126666,26.76274215367118,real
0.056,0.02800365995804695,0.0008157864289615651,0.02767018676689799,0.05533331201058093,3.4547233645028887,0.016209691512610598,0.016016712822545492,0.9734653995022623,0.026534600497737704,25.77426294750923,real
0.057,0.028503859598397952,0.0008451977241529657,0.0281644518897242,0.05632145705246401,3.4547291942188583,0.01649912244797183,0.01630271256766299,0.9724782209114821,0.02752177908851794,24.837220438096256,real
0.058,0.029004066372440036,0.0008751307116600114,0.028658725226421794,0.05730960475612439,3.454735125480275,0.01678855191306074,0.01658871163043426,0.9714711249939059,0.028528875006094134,23.94809224983991,real
0.059,0.029504280405638978,0.0009055854514808543,0.029153006692811255,0.05829775471117205,3.4547411581985417,0.017077979882801197,0.016874709867286015,0.9704439573226011,0.029556042677398864,23.10365516332293,real
0.06,0.030004501823476935,0.0009365620046641783,0.029647296890613774,0.05928590787840466,3.454747292291099,0.017367406332116857,0.017160707531545027,0.9693965541018991,0.030603445898100934,22.300949182473435,real
0.061,0.03050473075145271,0.000968060433309567,0.03014159573521095,0.060274063846472735,3.4547535276662074,0.017656831236006403,0.017446704479433507,0.9683287490334671,0.03167125096653289,21.537257442112445,real
0.062,0.031004967315082038,0.0010000808005678774,0.030635903370952438,0.061262222661736115,3.4547598642333326,0.017946254569493444,0.01773270069968559,0.9672403723610506,0.03275962763894935,20.81008182633874,real
0.063,0.03150521163989788,0.00103262317064162,0.031130219942179734,0.06225038437049897,3.454766301900099,0.018235676307642116,0.018018696181059096,0.9661312380004637,0.03386876199953626,20.117114310818213,real
0.064,0.03200546385145072,0.0010656876087853473,0.03162454559325538,0.06323854901906749,3.454772840572862,0.018525096425554763,0.018304690912349948,0.9650011655877526,0.03499883441224738,19.456233327045666,real
0.065,0.032505724075308814,0.0010992741813060439,0.03211888046855741,0.06422671665373816,3.4547794801565996,0.018814514898373096,0.018590684882389907,0.9638499607690871,0.03615003923091287,18.82547472983738,real
0.066,0.0330059924370585,0.0011333829555635285,0.03261322471245762,0.06521488732075366,3.4547862205544213,0.019103931701281468,0.01887667808003704,0.9626774201729118,0.0373225798270882,18.223021127111675,real
0.067,0.03350626906230448,0.0011680139999708577,0.03310757846935127,0.06620306106636165,3.4547930616680924,0.019393346809504736,0.019162670494190626,0.9614833370792064,0.03851666292079359,17.64719181090533,real
0.068,0.03400655407667011,0.0012031673839947405,0.03360194188367045,0.06719123793684068,3.4548000033981237,0.01968276019830831,0.01944866211379869,0.9602674995755118,0.03973250042448817,17.096429670003328,real
0.069,0.03450684760579766,0.0012388431781559545,0.034096315099798664,0.06817941797832898,3.454807045643125,0.01997217184300242,0.019734652927812683,0.9590296812055501,0.0409703187944499,16.569286569873803,real
0.07,0.03500714977534865,0.0012750414540297732,0.03459069826219336,0.06916760123706867,3.4548141883003023,0.02026158171894002,0.020020642925256047,0.9577696482664125,0.04223035173358747,16.064417642578952,real
0.071,0.03550746071100405,0.0013117622842463953,0.035085091515284834,0.07015578775920295,3.4548214312655015,0.020550989801517087,0.020306632095165877,0.9564871646478462,0.04351283535215378,15.580574404819895,real
0.072,0.036007780538464686,0.0013490057424913853,0.03557949500354334,0.07114397759090973,3.4548287744330484,0.020840396066174216,0.020592620426633085,0.9551819723479336,0.04481802765206644,15.116589697823194,real
0.073,0.0365081093834514,0.001386771903506115,0.03607390887142917,0.07213217077830111,3.4548362176955356,0.021129800488398513,0.02087860790877523,0.9538538196621552,0.04614618033784479,14.671381279545399,real
0.074,0.03700844737170542,0.001425060843088216,0.03656833326343706,0.07312036736751151,3.4548437609441383,0.02141920304372239,0.021164594530760836,0.9525024290891795,0.04749757091082052,14.243934163332884,real
0.075,0.03750879462898862,0.0014638726380920355,0.037062768324053884,0.07410856740461244,3.4548514040687097,0.021708603707723578,0.021450580281784697,0.9511275234017444,0.048872476598255554,13.83330398166431,real
0.076,0.03800915128108379,0.001503207366429102,0.03755721419780195,0.0750967709356984,3.454859146957452,0.02199800245602776,0.02173656515109536,0.949728805307047,0.05027119469295305,13.438605338434122,real
0.077,0.03850951745379497,0.001543065107068594,0.038051671029191915,0.07608497800679218,3.4548669894969306,0.022287399264309192,0.022022549127968322,0.9483059770497402,0.05169402295025982,13.05901296031427,real
0.078,0.039009893272947654,0.001583445940037816,0.03854613896277277,0.077073188663944,3.45487493157229,0.02257679410828997,0.022308532201734003,0.9468587197251529,0.0531412802748471,12.693751572437337,real
0.079,0.03951027886438918,0.0016243499464226824,0.0390406181430889,0.07806140295314508,3.454882973067295,0.022866186963740383,0.02259451436175305,0.9453866935272605,0.05461330647273954,12.342092763263494,real
0.08,0.040010674353988925,0.0016657772083682066,0.039535108668603526,0.07904962082824596,3.4548911138763256,0.02315557780639907,0.02288049557068492,0.9438895650961027,0.05611043490389733,12.003357990509524,real
0.081,0.04051107986763865,0.0017077278090789974,0.04002961077531618,0.08003784251790559,3.4548993538553865,0.023444966612301048,0.02316647587102353,0.9423669614578243,0.05763303854217572,11.676904567817289,real
0.082,0.04101149553125276,0.001750201832819762,0.04052412450889175,0.08102606787035996,3.4549076928821423,0.02373435335738137,0.0234524551950523,0.9408185215412697,0.05918147845873034,11.362134413740863,real
0.083,0.041511921470768584,0.0017931993649158114,0.04101865012198935,0.08201429714744879,3.454916130861764,0.024023738017425394,0.023738433594621546,0.9392438486285919,0.06075615137140811,11.058481022544074,real
0.084,0.04201235781214671,0.00183672049175358,0.04151318770481181,0.08300253028630857,3.4549246676565932,0.024313120568552234,0.024024411027927718,0.9376425321619154,0.0623574678380846,10.765411971739384,real
0.085,0.042512804681371204,0.0018807653007811458,0.04200773740199476,0.08399076733280053,3.4549333031411362,0.024602500986841105,0.024310387484597254,0.936014140655603,0.06398585934439704,10.482425358858682,real
0.086,0.04301326220444994,0.0019253338805087568,0.04250229935819556,0.08497900833277497,3.45494203718841,0.0248918792484246,0.024596362954305843,0.9343582306730878,0.06564176932691224,10.209049364195751,real
0.087,0.043513730507414895,0.001970426320509371,0.04299687371808975,0.08596725333206352,3.4549508696698825,0.025181255329489755,0.02488233742677725,0.9326743280347123,0.06732567196528771,9.944837252423206,real
0.088,0.04401420971632241,0.0020160427114191927,0.043491460626366586,0.08695550237646957,3.454959800455643,0.025470629206277445,0.025168310891779927,0.930961948294032,0.069038051705968,9.689369102653215,real
0.089,0.04451469995725348,0.002062183144938221,0.043986060227733555,0.0879437555117766,3.454968829414213,0.025760000855084376,0.025454283339131425,0.9292205761966708,0.07077942380332924,9.442247028161528,real
0.09,0.045015201356314066,0.0021088477138308075,0.04448067266690189,0.08893201278371866,3.4549779564124896,0.02604937025226418,0.025740254758690875,0.9274496631667339,0.07255033683326606,9.203093755554146,real
0.091,0.045515714039635356,0.0021560365119262137,0.044975298088612455,0.0899202742380314,3.454987181315919,0.02633873737422677,0.026026225140373165,0.9256486514164675,0.07435134858353254,8.971554671482174,real
0.092,0.04601623813337407,0.002203749634119181,0.04546993663761764,0.09090853992041516,3.454996503988376,0.026628102197439888,0.026312194474139766,0.9238169391355111,0.0761830608644889,8.747291990340644,real
0.093,0.04651677376371274,0.0022519871763705033,0.04596458845869305,0.09189680987655781,3.4550059242923115,0.02691746469842861,0.02659816275000484,0.9219538914298694,0.07804610857013061,8.529985451963451,real
0.094,0.04701732105686002,0.0023007492357076083,0.04645925369661995,0.09288508415209892,3.455015442088653,0.02720682485377674,0.026884129958026266,0.9200588615647832,0.07994113843521677,8.31933375974899,real
0.095,0.04751788013905092,0.0023500359102251447,0.04695393249620804,0.09387336279267469,3.455025057236726,0.027496182640128083,0.027170096088319867,0.9181311461322077,0.0818688538677923,8.11504856718847,real
0.096,0.04801845113654717,0.0023998472990855745,0.04744862500227301,0.09486164584387234,3.4550347695943318,0.02778553803418647,0.02745606113104627,0.9161700044539716,0.08382999554602844,7.916856206183599,real
0.097,0.04851903417563746,0.0024501835025197752,0.04794333135965108,0.0958499333512586,3.4550445790177546,0.028074891012716378,0.02774202507641973,0.914174671442456,0.08582532855754399,7.724498208459495,real
0.098,0.04901962938263772,0.002501044621827647,0.04843805171320818,0.09683822536039736,3.455054485361778,0.028364241552543402,0.028027987914713726,0.9121443140768559,0.08785568592314408,7.537726447223309,real
0.099,0.04952023688389146,0.0025524307593787227,0.04893278620781075,0.09782652191679064,3.4550644884797084,0.028653589630554716,0.028313949636244302,0.9100780682373695,0.08992193176263052,7.356306301064697,real
0.1,0.050020856805770016,0.0026043420186127927,0.049427534988362165,0.0988148230659508,3.4550745882232947,0.028942935223700356,0.02859991023139226,0.9079750156996391,0.09202498430036088,7.180013984354538,real
0.101,0.05052148927467285,0.002656778504040528,0.04992229819976329,0.09980312885332097,3.455084784442716,0.029232278308993997,0.028885869690580865,0.9058341700972794,0.0941658299027206,7.0086351329219845,real
0.102,0.05102213441702785,0.0027097403212441155,0.050417075986942964,0.10079143932433537,3.455095076986609,0.02952161886351335,0.029171828004293732,0.9036544938581765,0.09634550614182347,6.841965979428503,real
0.103,0.05152279235929162,0.0027632275768778975,0.05091186849485329,0.10177975452440921,3.455105465702135,0.02981095686440028,0.029457785163071966,0.9014348776412902,0.09856512235870984,6.679811463241966,real
0.104,0.05202346322794975,0.002817240378669016,0.05140667586845716,0.10276807449891312,3.4551159504348923,0.030100292288862147,0.02974374115750813,0.8991741489746933,0.10082585102530672,6.521985724871751,real
0.105,0.05252414714951713,0.00287177883541807,0.05190149825274698,0.10375639929320987,3.4551265310290225,0.030389625114171547,0.03002969597825659,0.8968710430978357,0.10312895690216428,6.368309935856406,real
0.106,0.05302484425053823,0.0029268430569997727,0.05239633579272362,0.10474472895261172,3.4551372073271036,0.030678955317667882,0.03031564961602272,0.8945241972078327,0.10547580279216728,6.21861207434226,real
0.107,0.05352555465758739,0.0029824331543636174,0.052891188633410434,0.10573306352240772,3.455147979170125,0.030968282876758232,0.030601602061571677,0.8921321817142597,0.10786781828574032,6.072728931863738,real
0.108,0.05402627849726912,0.0030385492395345525,0.05338605691985191,0.10672140304786037,3.455158846397588,0.03125760776891713,0.030887553305727195,0.8896934315001148,0.11030656849988518,5.930501859269146,real
0.109,0.05452701589621838,0.0030951914256136604,0.05388094079710908,0.10770974757419581,3.455169808847455,0.031546929971687634,0.031173503339369787,0.8872062805561745,0.11279371944382555,5.791779174346267,real
0.11,0.05502776698110088,0.0031523598267788446,0.05437584041027172,0.10869809714662745,3.455180866356124,0.03183624946268221,0.03145945215344451,0.8846689374617154,0.11533106253828462,5.656414873756614,real
0.111,0.05552853187861337,0.0032100545582855224,0.05487075590443809,0.10968645181031497,3.455192018758518,0.03212556621958258,0.031745399738948896,0.8820794356697448,0.11792056433025522,5.524266376511161,real
0.112,0.056029310715483914,0.003268275736467322,0.05536568742473411,0.1106748116104019,3.455203265888022,0.03241488022014093,0.03203134608694501,0.8794356758112373,0.12056432418876273,5.395197232639629,real
0.113,0.05653010361847223,0.003327023478736797,0.05586063511630766,0.11166317659200346,3.4552146075764987,0.03270419144218039,0.03231729118855643,0.8767353535817414,0.12326464641825863,5.269073946055752,real
0.114,0.05703091071436992,0.0033862979035861294,0.05635559912431932,0.11265154680018767,3.4552260436541875,0.03299349986359664,0.03260323503496441,0.8739759711306132,0.1260240288693868,5.145767243878904,real
0.115,0.05753173213000081,0.0034460991305878567,0.056850579593954696,0.11363992227999906,3.4552375739498755,0.033282805462356985,0.0328891776174137,0.8711548128079093,0.1288451871920907,5.025151583865243,real
0.116,0.058032567992221215,0.003506427280395597,0.057345576670422393,0.11462830307645404,3.4552491982907516,0.033572108216502326,0.03317511892721328,0.8682688618237858,0.13173113817621418,4.9071024515904,real
0.117,0.058533418427920265,0.0035672824747447823,0.057840590498956006,0.11561668923454427,3.455260916502504,0.03386140810414692,0.03346105895573703,0.865314843442929,0.13468515655707103,4.791499244787339,real
0.118,0.05903428356402014,0.0036286648364533963,0.05833562122479545,0.11660508079919865,3.4552727284092586,0.03415070510347961,0.03374699769441395,0.8622891009962927,0.13771089900370725,4.678221408348064,real
0.119,0.059535163527476447,0.003690574489422727,0.058830668993218815,0.11759347781534629,3.455284633833643,0.034439999192763845,0.03403293513474639,0.8591876005837202,0.14081239941627977,4.567150132998042,real
0.12,0.06003605844527842,0.003753011558638114,0.05932573394952029,0.11858188032787179,3.4552966325967502,0.034729290350338664,0.0343188712682981,0.85600584382946,0.14399415617054,4.458166698292059,real
0.121,0.060536968444449286,0.003815976170169714,0.059820816239014106,0.11957028838162237,3.455308724518085,0.03501857855461988,0.03460480608669749,0.8527387853139035,0.14726121468609654,4.351151533120822,real
0.122,0.061037893652046524,0.0038794684511732637,0.06031591600703996,0.12055870202141816,3.4553209094156223,0.035307863784100196,0.034890739581640635,0.8493807758892439,0.15061922411075612,4.245984514991418,real
0.123,0.06153883419516218,0.003943488529890858,0.060811033398952045,0.1215471212920295,3.455333187105804,0.035597146017349805,0.03517667174488538,0.8459253775770484,0.15407462242295156,4.142541681703246,real
0.124,0.06203979020092312,0.00400803653565173,0.06130616856013752,0.12253554623821328,3.4553455574035126,0.035886425233017404,0.03546260256826281,0.8423652569426521,0.15763474305734793,4.040695284841917,real
0.125,0.06254076179649139,0.004073112598873033,0.06180132163600053,0.12352397690468027,3.455358020122095,0.0361757014098305,0.035748532043668096,0.8386920386298808,0.16130796137011916,3.940313181084084,real
0.126,0.06304174910906445,0.004138716851060647,0.062296492771969615,0.12451241333610931,3.455370575073349,0.03646497452659628,0.036034460163065496,0.8348959722960172,0.1651040277039828,3.8412541001028306,real
0.127,0.06354275226587551,0.00420484942480997,0.062791682113499,0.12550085557714918,3.455383222067547,0.03675424456220196,0.0363203869184892,0.8309656627798958,0.1690343372201042,3.7433663084560744,real
0.128,0.0640437713941938,0.004271510453806726,0.06328688980606437,0.12648930367240954,3.4553959609134224,0.03704351149561558,0.036606312302041505,0.8268876993890963,0.17311230061090366,3.646485134338242,real
0.129,0.06454480662132486,0.004338700072827784,0.0637821159951642,0.1274777576664629,3.455408791418141,0.037332775305886995,0.03689223630589437,0.822646032241168,0.17735396775883205,3.55042662010318,real
0.13,0.0650458580746109,0.004406418417741983,0.06427736082631935,0.1284662176038431,3.4554217133873224,0.037622035972148256,0.03717815892228931,0.8182211893741973,0.1817788106258027,3.454980956951059,real
0.131,0.06554692588143099,0.004474665625510951,0.06477262444507409,0.1294546835290468,3.455434726625003,0.03791129347361468,0.03746408014353897,0.8135892217508689,0.1864107782491311,3.3599042618457373,real
0.132,0.06604801016920145,0.004543441834189953,0.06526790699700716,0.13044315548655475,3.455447830933747,0.038200547789584295,0.03774999996203265,0.8087200070401666,0.19127999295983344,3.264903225913791,real
0.133,0.06654911106537607,0.004612747182928722,0.0657632086277064,0.13143163352078066,3.4554610261144783,0.03848979889944033,0.03803591837022397,0.8035748499354038,0.19642515006459615,3.1696154759202617,real
0.134,0.0670502286974465,0.004682581811972313,0.06625852948278978,0.13242011767611228,3.4554743119666163,0.038779046782650366,0.03832183536064198,0.7981026021602718,0.20189739783972815,3.073576499725897,real
0.135,0.06755136319294247,0.004752945862661964,0.06675386970791139,0.13340860799692295,3.4554876882880374,0.03906829141876742,0.03860775092589549,0.792233045967143,0.20776695403285705,2.976162007156906,real
0.136,0.06805251467943207,0.004823839477435949,0.06724922944873228,0.13439710452751247,3.4555011548750536,0.03935753278743083,0.03889366505865691,0.7858652875619938,0.2141347124380062,2.876488748702305,real
0.137,0.06855368328452217,0.004895262799830464,0.06774460885094906,0.13538560731216373,3.455514711522398,0.039646770868367064,0.03917957775167938,0.77884474353351,0.22115525646649004,2.77321485600147,real
0.138,0.06905486913585855,0.0049672159744804795,0.06824000806028262,0.1363741163951194,3.455528358023315,0.039936005641389355,0.039465488997789684,0.7709117356439757,0.22908826435602425,2.6640920565152615,real
0.139,0.06955607236112635,0.005039699147120654,0.06873542722248077,0.1373626318205866,3.455542094169448,0.040225237086399655,0.03975139878989152,0.7615609013519997,0.23843909864800028,2.5447320473509514,real
0.14,0.07005729308805025,0.005112712464586203,0.0692308664833081,0.13835115363271594,3.455555919750858,0.04051446518338903,0.040037307120959834,0.7494921327415579,0.2505078672584421,2.403760864853022,real
0.141,0.07055853144439486,0.005186256074813802,0.06972632602700739,0.13933968195233673,3.4555698345571972,0.04080368991242452,0.04032321400623407,0.7227072240668838,0.2772927759331162,2.134395273793055,real
0.142,0.07105978755796497,0.005260330126842503,0.07022180592253643,0.14032821667017473,3.455583838373232,0.041092911253702534,0.04060911939449177,0.7208723205722136,0.2791276794277864,2.1178169526666455,complex
0.143,0.07156106155660581,0.00533493477081463,0.07071730635416788,0.1413167579069382,3.4555979309854576,0.04138212918747166,0.040895023301115906,0.7208474867202234,0.27915251327977664,2.117594058404861,complex
0.144,0.0720623535682035,0.005410070157976711,0.07121282746777684,0.14230530570663177,3.4556121121777346,0.041671343694084595,0.04118092571939466,0.7208224664050021,0.27917753359499786,2.1173695302366036,complex
0.145,0.07256366372068512,0.005485736440680391,0.07170836940926617,0.14329386011322204,3.455626381732339,0.041960554753986475,0.04146682664269609,0.7207972623607382,0.27920273763926184,2.117143393571065,complex
0.146,0.07306499214201925,0.005561933772383383,0.07220393232456446,0.14428242117063297,3.455640739430008,0.042249762347715006,0.0417527260644669,0.7207718730099894,0.27922812699001065,2.1169156351313827,complex
0.147,0.07356633896021608,0.005638662307650389,0.07269951635963302,0.1452709889227592,3.4556551850499093,0.042538966455901446,0.04203862397823731,0.7207462966109365,0.2792537033890635,2.116686240182743,complex
0.148,0.0740677043033278,0.00571592220215406,0.07319512166045032,0.14625956341343416,3.4556697183696317,0.042828167059271414,0.04232452037761257,0.720720536518201,0.279279463481799,2.116455239705334,complex
0.149,0.07456908829944894,0.005793713612675948,0.07369074837302951,0.14724814468646458,3.4556843391652143,0.043117364138645184,0.04261041525628326,0.7206945881667844,0.27930541183321556,2.116222593664707,complex
0.15,0.07507049107671654,0.005872036697107461,0.0741863966434129,0.14823673278561866,3.4556990472111604,0.04340655767493813,0.04289630860802233,0.7206684546576329,0.27933154534236715,2.115988330774438,complex
0.16,0.08008558003365901,0.006684545138073009,0.07914409717396699,0.15812299880876624,3.4558508757000164,0.04629829403955124,0.045755156832899185,0.7203968249425755,0.2796031750574245,2.113555985700465,complex
0.17,0.08510268838387339,0.007550402929470801,0.08410411434134854,0.16800999526420016,3.4560111694701288,0.04918965583842838,0.048613846143894045,0.7201063085700914,0.2798936914299086,2.1109596870842524,complex
0.18,0.09012194501459525,0.00846978643401669,0.08906659467194972,0.17789776518476433,3.456179676989008,0.05208062566840111,0.051472371754626836,0.7197966564430983,0.2802033435569017,2.1081982397244317,complex
0.19,0.09514347930589002,0.009442883343904435,0.09403168501335697,0.1877863511280572,3.4563561308338273,0.05497118722952994,0.054330729826372014,0.7194675992947559,0.2805324007052441,2.1052703504238783,complex
0.2,0.1001674211615598,0.010469892796933796,0.09899953255417797,0.19767579514739014,3.4565402475771436,0.05786132539327141,0.057188917526984004,0.7191188574157973,0.2808811425842027,2.1021747181792247,complex
0.21,0.10519390104038849,0.011551025500161946,0.10397028484461122,0.20756613876370836,3.456731727667859,0.06075102627118824,0.06004693309068167,0.7187501390754023,0.2812498609245977,2.098910023320866,complex
0.22,0.11022304998774664,0.012686503861233395,0.10894408981727068,0.21745742293746825,3.456930255304405,0.06364027728428313,0.06290477587848231,0.7183611362625304,0.2816388637374696,2.0954748933513017,complex
0.23,0.1152549996675776,0.013876562127554141,0.1139210958083573,0.22734968804062147,3.457135498303127,0.06652906723294225,0.06576244643931718,0.7179515214568195,0.2820484785431805,2.0918678786066187,complex
0.24,0.12028988239478806,0.015121446533486673,0.11890145157903054,0.23724297382837836,3.4573471079591807,0.06941738636756907,0.06861994657181508,0.7175209650046438,0.2824790349953562,2.0880876092651106,complex
0.25,0.1253278311680654,0.016421415455753444,0.123885306348722,0.24713731943402234,3.457564718902816,0.07230522645989172,0.07147727939347034,0.7170691200505076,0.2829308799494924,2.0841326661825175,complex
0.26,0.1303689797031455,0.01777673957724814,0.12887280977143634,0.25703276324987034,3.457787948945998,0.07519258087508031,0.07433444937773556,0.7165956226346825,0.28340437736531754,2.0800015863723367,complex
0.27,0.13541346246655556,0.019187702059466145,0.13386411202656398,0.26692934303483645,3.458016398929291,0.07807944464450786,0.07719146245734579,0.7161001021194062,0.2838998978805938,2.075692958318773,complex
0.28,0.14046141470985582,0.02065459872377797,0.13885936379636826,0.27682709579623543,3.4582496525564457,0.08096581453944926,0.08004832606332982,0.715582171630517,0.28441782836948304,2.0712053426808996,complex
0.29,0.1455129725044066,0.022177738241782385,0.1438587163005094,0.2867260577840424,3.4584872762262022,0.08385168914556172,0.08290504919737895,0.7150414325682972,0.2849585674317028,2.0665373160813605,complex
0.3,0.15056827277668602,0.023757442334989762,0.14886232131970636,0.2966262644627429,3.4587288188575673,0.08673706893826133,0.08576164249867956,0.7144774768360669,0.2855225231639331,2.06168749455863,complex
0.31,0.15562745334418546,0.025394045984099643,0.15387033121982496,0.306527750483149,3.4589738117092366,0.0896219563590205,0.08861811831170809,0.7138898776522052,0.28611012234779476,2.0566544590384295,complex
0.32,0.1606906529519106,0.02708789764815197,0.15888289897643543,0.3164305496542285,3.4592217681931983,0.09250635589262629,0.09147449075504192,0.7132782160419251,0.2867217839580749,2.0514369865234645,complex
0.33,0.16575801130951626,0.02883935949384596,0.1639001781998547,0.32633469491493117,3.459472183682785,0.09539027414543283,0.09433077579121657,0.7126420375704647,0.28735796242953526,2.0460336843610625,complex
0.34,0.17082966912910452,0.030648807635337044,0.16892232316068637,0.3362402183059961,3.45972453531494,0.09827371992465571,0.0971869912976722,0.7119808913143936,0.28801910868560643,2.040443327973696,complex
0.35,0.17590576816371628,0.032516632384838894,0.1739494888158941,0.3461471509417651,3.4599782817870817,0.1011567043187406,0.10004315713883032,0.7112943153030667,0.28870568469693325,2.034664740316155,complex
0.36,0.1809864512465477,0.034443238514374835,0.17898183083542532,0.3560555229819884,3.46023286314846,0.10403924077885227,0.1028992952393424,0.7105818335546128,0.2894181664453872,2.028696771538279,complex
0.37,0.1860718623309233,0.036429045529041325,0.18401950562940936,0.36596536360362214,3.4604877005861936,0.10692134520152272,0.10575542965855043,0.7098429696335452,0.2901570303664548,2.02253841676323,complex
0.38,0.1911621465310596,0.038474487952165445,0.18906267037596527,0.3758767009726391,3.4607421962060303,0.10980303601250316,0.10861158666620939,0.709077220769606,0.290922779230394,2.0161886042163837,complex
0.39,0.19625745016365348,0.040580015622758044,0.1941114830496316,0.3857895622158229,3.4609957328080565,0.1126843342518588,0.11146779481950271,0.7082840919072859,0.2917159080927141,2.00964648305603,complex
0.4,0.2013579207903308,0.04274609400568546,0.19916610245046154,0.395703973392581,3.461247673657251,0.11556526366035773,0.11432408504141199,0.7074630735199868,0.29253692648001317,2.002911242095453,complex
0.41,0.2064637072609924,0.04497320451500471,0.20422668823379725,0.4056199594667473,3.461497362249288,0.1184458507671897,0.11718049070046803,0.7066136506471101,0.2933863493528899,1.9959821883497466,complex
0.42,0.2115749597580956,0.04726184485093021,0.20929340094076712,0.4155375442784041,3.4617441220714493,0.12132612497906953,0.12003704769194595,0.705735288708958,0.29426471129104204,1.9888586352235906,complex
0.43,0.21669182984191085,0.049612529350924264,0.21436640202952192,0.42545675051569715,3.4619872563589444,0.12420611867076639,0.12289379452053797,0.7048274623348649,0.29517253766513507,1.9815401404215098,complex
0.44,0.22181447049679442,0.05202578935542927,0.21944585390725452,0.4353775996866689,3.4622260478467872,0.12708586727710713,0.12575077238455792,0.7038896295918587,0.29611037040814125,1.9740262991763653,complex
0.45,0.22694303617851996,0.05450217358878648,0.22453191996302227,0.44530011209108716,3.462459758517237,0.12996540938650733,0.12860802526172388,0.7029212481322061,0.29707875186779387,1.9663168776395257,complex
0.46,0.23207768286271319,0.057042248555914346,0.22962476460144068,0.4552243067923363,3.4626876293431823,0.13284478683607243,0.1314655999965799,0.7019217694648007,0.29807823053519933,1.9584117687422498,complex
0.47,0.2372185680944353,0.05964659895534924,0.23472455327722888,0.4651502015892662,3.4629088800274945,0.1357240448083255,0.1343235463895813,0.7008906253351394,0.29910937466486065,1.9503108878353552,complex
0.48,0.24236585103896321,0.062315828109282795,0.23983145253070753,0.475077812988126,3.463122708738479,0.13860323192961618,0.13718191728793344,0.6998272619605611,0.3001727380394389,1.942014444671309,complex
0.49,0.24751969253381592,0.06505055841126325,0.24494563002424383,0.48500715617449885,3.463328291841787,0.14148240037025758,0.14004076867820509,0.6987311098092137,0.3012688901907863,1.9335227064152456,complex
0.5,0.25268025514207865,0.06785143179226268,0.25006725458253903,0.4949382449907733,3.463524783628973,0.1443616059464473,0.14290015978236845,0.6976015942037915,0.30239840579620847,1.9248360832260802,complex
0.51,0.2578477032070788,0.07071911020584937,0.2551964962196627,0.5048710918859393,3.4637113160420565,0.14724090822406388,0.14576015314776572,0.6964381486157772,0.30356185138422276,1.9159552305535155,complex
0.52,0.2630222029084689,0.07365427613324287,0.26033352619579736,0.5148057079209173,3.4638869983969327,0.15012037062428799,0.1486208147549751,0.6952401842522994,0.3047598157477006,1.9068808167060263,complex
0.53,0.26820392231977536,0.07665763310907046,0.2654785170465103,0.5247421027184554,3.4640509171020306,0.15300006053126652,0.1514822141117505,0.6940071311014276,0.30599286889857236,1.8976138358100862,complex
0.54,0.27339303146747324,0.07972990626868735,0.270631642627527,0.5346802844408518,3.464202135375491,0.15588004940175595,0.15434442435700907,0.6927383923315001,0.30726160766849986,1.8881552624639322,complex
0.55,0.2785897023916506,0.0828718429179681,0.27579307815782,0.5446202597620747,3.4643396929597863,0.15876041287686288,0.15720752236532962,0.6914333883303129,0.30856661166968713,1.8785063827152215,complex
0.56,0.28379410920832787,0.08608421312652613,0.28096300026399523,0.5545620338399675,3.4644626058345582,0.1616412308959245,0.16007158885364225,0.6900915330162372,0.30990846698376284,1.8686686140848021,complex
0.57,0.2890064281735013,0.08936781034536811,0.28614158702608217,0.5645056102886459,3.464569865927638,0.16452258781260934,0.16293670849021819,0.688712230838804,0.31128776916119605,1.8586434837901642,complex
0.58,0.29422683774898245,0.09272345205004602,0.2913290180246768,0.5744509911508832,3.4646604408247232,0.16740457251329874,0.16580297000595579,0.6872948904443222,0.31270510955567776,1.8484327274145913,complex
0.59,0.2994555186701077,0.09615198041042505,0.29652547438957155,0.5843981768706348,3.4647332734776946,0.1702872785378347,0.1686704663080891,0.6858389244846546,0.31416107551534544,1.8380382835395832,complex
0.6,0.30469265401539747,0.09965426298824846,0.301731138849817,0.5943471662654841,3.4647872819125203,0.17317080420267744,0.17153929459629388,0.6843437429134156,0.3156562570865844,1.8274622422284779,complex
0.61,0.30993842927824544,0.1032311934637434,0.3069461957854823,0.6042979564994025,3.4648213589366206,0.17605525272656872,0.17440955648139564,0.6828087424783832,0.3171912575216168,1.8167067693181176,complex
0.62,0.31519303244072444,0.10688369239258123,0.3121708312810351,0.6142505430555488,3.464834371846256,0.17894073235876773,0.1772813581066624,0.6812333404874852,0.3187666595125148,1.8057743404466033,complex
0.63,0.3204566540495979,0.11061270799457788,0.3174052331805007,0.6242049197092854,3.4648251621337725,0.18182735650996654,0.18015481027183375,0.6796169422233955,0.3203830577766045,1.7946675073984144,complex
0.64,0.3257294872946302,0.11441921697559708,0.32264959114432973,0.634161078501141,3.464792545195993,0.18471524388592137,0.18303002855983933,0.6779589435859368,0.3220410564140632,1.7833889158842786,complex
0.65,0.3310117280892945,0.11830422538420154,0.3279040967081834,0.6441190097099806,3.46473531004372,0.18760451862390548,0.18590713346638094,0.6762587731891406,0.3237412268108594,1.7719415863365537,complex
0.66,0.33630357515398035,0.12226876950468336,0.3331689433437842,0.6540787018265138,3.4646522190125344,0.1904953104320836,0.18878625053250908,0.6745158245232592,0.3254841754767408,1.7603284481051231,complex
0.67,0.3416052301018077,0.1263139167881984,0.3384443265217946,0.6640401415269169,3.4645420074755022,0.19338775473188938,0.19166751048020375,0.6727295034328726,0.32727049656712737,1.748552658111311,complex
0.68,0.34691689752716176,0.13044076682382696,0.34373044377680917,0.6740033136465715,3.464403383558116,0.1962819928035072,0.19455104935105344,0.6708992290868226,0.32910077091317735,1.7366175975616527,complex
0.69,0.35223878509706474,0.1346504523514884,0.34902749477455336,0.6839682011539265,3.464235027856892,0.19917817193450074,0.19743700864806954,0.6690243904919734,0.3309756095080266,1.72452658280463,complex
0.7,0.35757110364551026,0.13894414031874866,0.3543356813816185,0.6939347851249295,3.4640355931605615,0.20207644557177454,0.20032553548094126,0.6671044137221919,0.33289558627780813,1.7122832968092763,complex
0.71,0.3629140672708885,0.14332303298367782,0.3596552077375578,0.7039030447175098,3.4638037041752057,0.20497697347692623,0.20321678271463187,0.6651386989936109,0.3348613010063891,1.6998913754571263,complex
0.72,0.36826789343663996,0.14778836906604256,0.36498628032962405,0.7138729571464482,3.463537957253731,0.20787992188510448,0.20611090912151694,0.6631266417242803,0.33687335827571974,1.6873545413418523,complex
0.73,0.373632803075281,0.15234142494925257,0.37032910807007113,0.7238444976582854,3.4632369201307847,0.2107854636674503,0.20900807953703335,0.6610676514011858,0.33893234859881416,1.6746767148202415,complex
0.74,0.3790090206959508,0.15698351593562362,0.37568390237648686,0.7338176395069274,3.4628991316628235,0.21369377849728616,0.21190846501918206,0.6589611150280407,0.34103888497195933,1.661861781457397,complex
0.75,0.3843967744956391,0.16171599755767482,0.3810508772550264,0.7437923539294793,3.462523101574068,0.21660505302016583,0.21481224301185176,0.6568064217290411,0.34319357827095887,1.6489137408075958,complex
0.76,0.38979629647426056,0.16654026694834084,0.3864302493868236,0.7537686101225888,3.4621073102087023,0.2195194810279251,0.21771959751217249,0.6546029697676822,0.3453970302323178,1.6358367404477476,complex
0.77,0.3952078225537514,0.1714577642731554,0.3918222382175018,0.7637463752189041,3.46165020829142,0.2224372636367705,0.22063071924181196,0.652350121526636,0.34764987847336404,1.622634803729472,complex
0.78,0.40063159270137194,0.17646997422765004,0.3972270660502833,0.7737256142643143,3.461150216695434,0.22535860946963246,0.22354580582261932,0.6500472474139616,0.3499527525860384,1.609312088798663,complex
0.79,0.4060678510574098,0.18157842760341292,0.40264495814268375,0.7837062901956682,3.460605726218728,0.22828373484291808,0.22646506195665178,0.6476937008166288,0.3523062991833712,1.5958727366841432,complex
0.8,0.41151684606748806,0.18678470292646715,0.408076142807017,0.7936883638190989,3.4600150973689017,0.2312128639578318,0.2293886996107743,0.64528882138324,0.35471117861676005,1.582320889171313,complex
