s,v,amp_pct,step,deviation_norm,deviation_normalized
0.080,0.0232,0.1,1,1.954720e-04,4.944264e+00
0.080,0.0232,0.1,2,3.025849e-04,7.653573e+00
0.080,0.0232,0.1,3,3.501819e-04,8.857491e+00
0.080,0.0232,0.1,4,3.661038e-04,9.260221e+00
0.080,0.0232,0.1,5,3.652729e-04,9.239204e+00
0.080,0.0232,0.1,6,3.557611e-04,8.998613e+00
0.080,0.0232,0.1,7,3.419601e-04,8.649530e+00
0.080,0.0232,0.1,8,3.262598e-04,8.252407e+00
0.080,0.0232,0.1,9,3.099536e-04,7.839958e+00
0.080,0.0232,0.1,10,2.937322e-04,7.429653e+00
0.080,0.0232,0.1,11,2.779548e-04,7.030581e+00
0.080,0.0232,0.1,12,2.627986e-04,6.647222e+00
0.080,0.0232,0.1,13,2.483414e-04,6.281540e+00
0.080,0.0232,0.1,14,2.346066e-04,5.934133e+00
0.080,0.0232,0.1,15,2.215890e-04,5.604867e+00
0.080,0.0232,0.1,16,2.092684e-04,5.293230e+00
0.080,0.0232,0.1,17,1.976172e-04,4.998525e+00
0.080,0.0232,0.1,18,1.866045e-04,4.719970e+00
0.080,0.0232,0.1,19,1.761986e-04,4.456762e+00
0.080,0.0232,0.1,20,1.663679e-04,4.208105e+00
0.080,0.0232,0.1,21,1.570818e-04,3.973223e+00
0.080,0.0232,0.1,22,1.483110e-04,3.751374e+00
0.080,0.0232,0.1,23,1.400273e-04,3.541848e+00
0.080,0.0232,0.1,24,1.322042e-04,3.343969e+00
0.080,0.0232,0.1,25,1.248162e-04,3.157099e+00
0.080,0.0232,0.1,26,1.178395e-04,2.980630e+00
0.080,0.0232,0.1,27,1.112513e-04,2.813989e+00
0.080,0.0232,0.1,28,1.050302e-04,2.656632e+00
0.080,0.0232,0.1,29,9.915586e-05,2.508046e+00
0.080,0.0232,0.1,30,9.360904e-05,2.367745e+00
0.080,0.0232,0.1,31,8.837163e-05,2.235270e+00
0.080,0.0232,0.1,32,8.342645e-05,2.110186e+00
0.080,0.0232,0.1,33,7.875729e-05,1.992085e+00
0.080,0.0232,0.1,34,7.434882e-05,1.880577e+00
0.080,0.0232,0.1,35,7.018656e-05,1.775297e+00
0.080,0.0232,0.1,36,6.625681e-05,1.675898e+00
0.080,0.0232,0.1,37,6.254664e-05,1.582053e+00
0.080,0.0232,0.1,38,5.904383e-05,1.493453e+00
0.080,0.0232,0.1,39,5.573684e-05,1.409806e+00
0.080,0.0232,0.1,40,5.261475e-05,1.330836e+00
0.080,0.0232,0.1,41,4.966726e-05,1.256282e+00
0.080,0.0232,0.1,42,4.688464e-05,1.185899e+00
0.080,0.0232,0.1,43,4.425769e-05,1.119453e+00
0.080,0.0232,0.1,44,4.177774e-05,1.056725e+00
0.080,0.0232,0.1,45,3.943656e-05,9.975074e-01
0.080,0.0232,0.1,46,3.722643e-05,9.416043e-01
0.080,0.0232,0.1,47,3.514002e-05,8.888306e-01
0.080,0.0232,0.1,48,3.317041e-05,8.390116e-01
0.080,0.0232,0.1,49,3.131110e-05,7.919820e-01
0.080,0.0232,0.1,50,2.955590e-05,7.475861e-01
0.080,0.0232,0.1,51,2.789900e-05,7.056767e-01
0.080,0.0232,0.1,52,2.633491e-05,6.661146e-01
0.080,0.0232,0.1,53,2.485844e-05,6.287688e-01
0.080,0.0232,0.1,54,2.346468e-05,5.935151e-01
0.080,0.0232,0.1,55,2.214902e-05,5.602366e-01
0.080,0.0232,0.1,56,2.090707e-05,5.288228e-01
0.080,0.0232,0.1,57,1.973471e-05,4.991693e-01
0.080,0.0232,0.1,58,1.862806e-05,4.711777e-01
0.080,0.0232,0.1,59,1.758343e-05,4.447547e-01
0.080,0.0232,0.1,60,1.659734e-05,4.198128e-01
0.080,0.0232,0.3,1,6.188124e-04,5.217408e+00
0.080,0.0232,0.3,2,9.352463e-04,7.885365e+00
0.080,0.0232,0.3,3,1.070227e-03,9.023431e+00
0.080,0.0232,0.3,4,1.112886e-03,9.383102e+00
0.080,0.0232,0.3,5,1.107776e-03,9.340019e+00
0.080,0.0232,0.3,6,1.078164e-03,9.090348e+00
0.080,0.0232,0.3,7,1.036497e-03,8.739042e+00
0.080,0.0232,0.3,8,9.895056e-04,8.342843e+00
0.080,0.0232,0.3,9,9.408297e-04,7.932441e+00
0.080,0.0232,0.3,10,8.924193e-04,7.524277e+00
0.080,0.0232,0.3,11,8.452950e-04,7.126957e+00
0.080,0.0232,0.3,12,7.999660e-04,6.744773e+00
0.080,0.0232,0.3,13,7.566599e-04,6.379645e+00
0.080,0.0232,0.3,14,7.154506e-04,6.032196e+00
0.080,0.0232,0.3,15,6.763294e-04,5.702353e+00
0.080,0.0232,0.3,16,6.392435e-04,5.389669e+00
0.080,0.0232,0.3,17,6.041183e-04,5.093518e+00
0.080,0.0232,0.3,18,5.708691e-04,4.813183e+00
0.080,0.0232,0.3,19,5.394076e-04,4.547921e+00
0.080,0.0232,0.3,20,5.096456e-04,4.296988e+00
0.080,0.0232,0.3,21,4.814970e-04,4.059657e+00
0.080,0.0232,0.3,22,4.548782e-04,3.835226e+00
0.080,0.0232,0.3,23,4.297096e-04,3.623021e+00
0.080,0.0232,0.3,24,4.059146e-04,3.422398e+00
0.080,0.0232,0.3,25,3.834205e-04,3.232743e+00
0.080,0.0232,0.3,26,3.621582e-04,3.053473e+00
0.080,0.0232,0.3,27,3.420617e-04,2.884033e+00
0.080,0.0232,0.3,28,3.230686e-04,2.723896e+00
0.080,0.0232,0.3,29,3.051196e-04,2.572563e+00
0.080,0.0232,0.3,30,2.881585e-04,2.429558e+00
0.080,0.0232,0.3,31,2.721319e-04,2.294432e+00
0.080,0.0232,0.3,32,2.569892e-04,2.166759e+00
0.080,0.0232,0.3,33,2.426825e-04,2.046135e+00
0.080,0.0232,0.3,34,2.291663e-04,1.932175e+00
0.080,0.0232,0.3,35,2.163976e-04,1.824518e+00
0.080,0.0232,0.3,36,2.043356e-04,1.722820e+00
0.080,0.0232,0.3,37,1.929417e-04,1.626754e+00
0.080,0.0232,0.3,38,1.821794e-04,1.536014e+00
0.080,0.0232,0.3,39,1.720141e-04,1.450307e+00
0.080,0.0232,0.3,40,1.624130e-04,1.369357e+00
0.080,0.0232,0.3,41,1.533452e-04,1.292903e+00
0.080,0.0232,0.3,42,1.447812e-04,1.220697e+00
0.080,0.0232,0.3,43,1.366934e-04,1.152506e+00
0.080,0.0232,0.3,44,1.290555e-04,1.088108e+00
0.080,0.0232,0.3,45,1.218426e-04,1.027295e+00
0.080,0.0232,0.3,46,1.150315e-04,9.698675e-01
0.080,0.0232,0.3,47,1.085997e-04,9.156390e-01
0.080,0.0232,0.3,48,1.025263e-04,8.644326e-01
0.080,0.0232,0.3,49,9.679154e-05,8.160809e-01
0.080,0.0232,0.3,50,9.137658e-05,7.704256e-01
0.080,0.0232,0.3,51,8.626372e-05,7.273174e-01
0.080,0.0232,0.3,52,8.143618e-05,6.866149e-01
0.080,0.0232,0.3,53,7.687814e-05,6.481845e-01
0.080,0.0232,0.3,54,7.257461e-05,6.119001e-01
0.080,0.0232,0.3,55,6.851145e-05,5.776422e-01
0.080,0.0232,0.3,56,6.467529e-05,5.452984e-01
0.080,0.0232,0.3,57,6.105351e-05,5.147619e-01
0.080,0.0232,0.3,58,5.763416e-05,4.859323e-01
0.080,0.0232,0.3,59,5.440598e-05,4.587145e-01
0.080,0.0232,0.3,60,5.135831e-05,4.330186e-01
0.080,0.0232,1.0,1,2.458968e-03,6.219708e+00
0.080,0.0232,1.0,2,3.432659e-03,8.682558e+00
0.080,0.0232,1.0,3,3.794626e-03,9.598117e+00
0.080,0.0232,1.0,4,3.884956e-03,9.826597e+00
0.080,0.0232,1.0,5,3.843142e-03,9.720833e+00
0.080,0.0232,1.0,6,3.735273e-03,9.447989e+00
0.080,0.0232,1.0,7,3.595148e-03,9.093557e+00
0.080,0.0232,1.0,8,3.440759e-03,8.703046e+00
0.080,0.0232,1.0,9,3.281857e-03,8.301121e+00
0.080,0.0232,1.0,10,3.123743e-03,7.901186e+00
0.080,0.0232,1.0,11,2.969262e-03,7.510444e+00
0.080,0.0232,1.0,12,2.819897e-03,7.132641e+00
0.080,0.0232,1.0,13,2.676366e-03,6.769592e+00
0.080,0.0232,1.0,14,2.538957e-03,6.422031e+00
0.080,0.0232,1.0,15,2.407722e-03,6.090085e+00
0.080,0.0232,1.0,16,2.282579e-03,5.773550e+00
0.080,0.0232,1.0,17,2.163376e-03,5.472037e+00
0.080,0.0232,1.0,18,2.049920e-03,5.185063e+00
0.080,0.0232,1.0,19,1.942002e-03,4.912094e+00
0.080,0.0232,1.0,20,1.839403e-03,4.652580e+00
0.080,0.0232,1.0,21,1.741903e-03,4.405964e+00
0.080,0.0232,1.0,22,1.649285e-03,4.171697e+00
0.080,0.0232,1.0,23,1.561336e-03,3.949239e+00
0.080,0.0232,1.0,24,1.477847e-03,3.738063e+00
0.080,0.0232,1.0,25,1.398617e-03,3.537657e+00
0.080,0.0232,1.0,26,1.323449e-03,3.347528e+00
0.080,0.0232,1.0,27,1.252155e-03,3.167197e+00
0.080,0.0232,1.0,28,1.184552e-03,2.996202e+00
0.080,0.0232,1.0,29,1.120465e-03,2.834100e+00
0.080,0.0232,1.0,30,1.059724e-03,2.680464e+00
0.080,0.0232,1.0,31,1.002169e-03,2.534883e+00
0.080,0.0232,1.0,32,9.476425e-04,2.396964e+00
0.080,0.0232,1.0,33,8.959958e-04,2.266330e+00
0.080,0.0232,1.0,34,8.470860e-04,2.142617e+00
0.080,0.0232,1.0,35,8.007763e-04,2.025481e+00
0.080,0.0232,1.0,36,7.569357e-04,1.914591e+00
0.080,0.0232,1.0,37,7.154392e-04,1.809630e+00
0.080,0.0232,1.0,38,6.761675e-04,1.710296e+00
0.080,0.0232,1.0,39,6.390066e-04,1.616301e+00
0.080,0.0232,1.0,40,6.038477e-04,1.527371e+00
0.080,0.0232,1.0,41,5.705874e-04,1.443242e+00
0.080,0.0232,1.0,42,5.391269e-04,1.363666e+00
0.080,0.0232,1.0,43,5.093723e-04,1.288405e+00
0.080,0.0232,1.0,44,4.812341e-04,1.217232e+00
0.080,0.0232,1.0,45,4.546273e-04,1.149933e+00
0.080,0.0232,1.0,46,4.294709e-04,1.086303e+00
0.080,0.0232,1.0,47,4.056883e-04,1.026147e+00
0.080,0.0232,1.0,48,3.832062e-04,9.692807e-01
0.080,0.0232,1.0,49,3.619553e-04,9.155288e-01
0.080,0.0232,1.0,50,3.418698e-04,8.647247e-01
0.080,0.0232,1.0,51,3.228872e-04,8.167101e-01
0.080,0.0232,1.0,52,3.049482e-04,7.713352e-01
0.080,0.0232,1.0,53,2.879965e-04,7.284576e-01
0.080,0.0232,1.0,54,2.719788e-04,6.879425e-01
0.080,0.0232,1.0,55,2.568446e-04,6.496619e-01
0.080,0.0232,1.0,56,2.425458e-04,6.134947e-01
0.080,0.0232,1.0,57,2.290372e-04,5.793260e-01
0.080,0.0232,1.0,58,2.162756e-04,5.470469e-01
0.080,0.0232,1.0,59,2.042204e-04,5.165545e-01
0.080,0.0232,1.0,60,1.928329e-04,4.877510e-01
0.400,0.1156,0.1,1,8.639214e-04,4.337693e+00
0.400,0.1156,0.1,2,8.295829e-04,4.165282e+00
0.400,0.1156,0.1,3,3.150806e-04,1.581999e+00
0.400,0.1156,0.1,4,1.416889e-04,7.114109e-01
0.400,0.1156,0.1,5,2.823622e-04,1.417722e+00
0.400,0.1156,0.1,6,1.817305e-04,9.124568e-01
0.400,0.1156,0.1,7,2.268560e-05,1.139029e-01
0.400,0.1156,0.1,8,7.379436e-05,3.705166e-01
0.400,0.1156,0.1,9,7.465298e-05,3.748277e-01
0.400,0.1156,0.1,10,2.968616e-05,1.490523e-01
0.400,0.1156,0.1,11,1.159425e-05,5.821399e-02
0.400,0.1156,0.1,12,2.474236e-05,1.242298e-01
0.400,0.1156,0.1,13,1.633826e-05,8.203331e-02
0.400,0.1156,0.1,14,2.351537e-06,1.180692e-02
0.400,0.1156,0.1,15,6.334343e-06,3.180432e-02
0.400,0.1156,0.1,16,6.642579e-06,3.335196e-02
0.400,0.1156,0.1,17,2.752329e-06,1.381926e-02
0.400,0.1156,0.1,18,9.362283e-07,4.700741e-03
0.400,0.1156,0.1,19,2.167629e-06,1.088353e-02
0.400,0.1156,0.1,20,1.472893e-06,7.395298e-03
0.400,0.1156,0.1,21,2.402177e-07,1.206118e-03
0.400,0.1156,0.1,22,5.430160e-07,2.726448e-03
0.400,0.1156,0.1,23,5.900022e-07,2.962363e-03
0.400,0.1156,0.1,24,2.542207e-07,1.276426e-03
0.400,0.1156,0.1,25,7.483091e-08,3.757211e-04
0.400,0.1156,0.1,26,1.897085e-07,9.525139e-04
0.400,0.1156,0.1,27,1.326716e-07,6.661356e-04
0.400,0.1156,0.1,28,2.417453e-08,1.213788e-04
0.400,0.1156,0.1,29,4.645544e-08,2.332497e-04
0.400,0.1156,0.1,30,5.235350e-08,2.628635e-04
0.400,0.1156,0.1,31,2.342280e-08,1.176044e-04
0.400,0.1156,0.1,32,5.912223e-09,2.968489e-05
0.400,0.1156,0.1,33,1.658437e-08,8.326905e-05
0.400,0.1156,0.1,34,1.193691e-08,5.993442e-05
0.400,0.1156,0.1,35,2.400895e-09,1.205474e-05
0.400,0.1156,0.1,36,3.965726e-09,1.991165e-05
0.400,0.1156,0.1,37,4.641712e-09,2.330573e-05
0.400,0.1156,0.1,38,2.153657e-09,1.081337e-05
0.400,0.1156,0.1,39,4.604904e-10,2.312092e-06
0.400,0.1156,0.1,40,1.447733e-09,7.268971e-06
0.400,0.1156,0.1,41,1.072398e-09,5.384443e-06
0.400,0.1156,0.1,42,2.353863e-10,1.181859e-06
0.400,0.1156,0.1,43,3.381266e-10,1.697711e-06
0.400,0.1156,0.1,44,4.115909e-10,2.066571e-06
0.400,0.1156,0.1,45,1.980405e-10,9.943482e-07
0.400,0.1156,0.1,46,3.496913e-11,1.755777e-07
0.400,0.1156,0.1,47,1.258177e-10,6.317226e-07
0.400,0.1156,0.1,48,9.581740e-11,4.810929e-07
0.400,0.1156,0.1,49,2.243796e-11,1.126595e-07
0.400,0.1156,0.1,50,2.918220e-11,1.465219e-07
0.400,0.1156,0.1,51,3.689114e-11,1.852280e-07
0.400,0.1156,0.1,52,1.860582e-11,9.341862e-08
0.400,0.1156,0.1,53,2.321916e-12,1.165819e-08
0.400,0.1156,0.1,54,1.050317e-11,5.273575e-08
0.400,0.1156,0.1,55,8.127504e-12,4.080767e-08
0.400,0.1156,0.1,56,1.697010e-12,8.520577e-09
0.400,0.1156,0.1,57,2.930621e-12,1.471446e-08
0.400,0.1156,0.1,58,3.730114e-12,1.872866e-08
0.400,0.1156,0.1,59,2.171474e-12,1.090283e-08
0.400,0.1156,0.1,60,4.255100e-13,2.136458e-09
0.400,0.1156,0.3,1,2.749302e-03,4.601355e+00
0.400,0.1156,0.3,2,2.508139e-03,4.197734e+00
0.400,0.1156,0.3,3,9.357374e-04,1.566092e+00
0.400,0.1156,0.3,4,4.445959e-04,7.440956e-01
0.400,0.1156,0.3,5,8.825137e-04,1.477015e+00
0.400,0.1156,0.3,6,5.683104e-04,9.511499e-01
0.400,0.1156,0.3,7,6.798735e-05,1.137867e-01
0.400,0.1156,0.3,8,2.317369e-04,3.878453e-01
0.400,0.1156,0.3,9,2.315410e-04,3.875174e-01
0.400,0.1156,0.3,10,9.103411e-05,1.523588e-01
0.400,0.1156,0.3,11,3.684517e-05,6.166573e-02
0.400,0.1156,0.3,12,7.720448e-05,1.292129e-01
0.400,0.1156,0.3,13,5.064446e-05,8.476084e-02
0.400,0.1156,0.3,14,7.043194e-06,1.178781e-02
0.400,0.1156,0.3,15,1.987121e-05,3.325735e-02
0.400,0.1156,0.3,16,2.064918e-05,3.455939e-02
0.400,0.1156,0.3,17,8.468885e-06,1.417391e-02
0.400,0.1156,0.3,18,2.984940e-06,4.995729e-03
0.400,0.1156,0.3,19,6.764544e-06,1.132144e-02
0.400,0.1156,0.3,20,4.563325e-06,7.637385e-03
0.400,0.1156,0.3,21,7.221010e-07,1.208541e-03
0.400,0.1156,0.3,22,1.704096e-06,2.852052e-03
0.400,0.1156,0.3,23,1.834823e-06,3.070842e-03
0.400,0.1156,0.3,24,7.829199e-07,1.310330e-03
0.400,0.1156,0.3,25,2.392292e-07,4.003847e-04
0.400,0.1156,0.3,26,5.921831e-07,9.911042e-04
0.400,0.1156,0.3,27,4.111362e-07,6.880961e-04
0.400,0.1156,0.3,28,7.293148e-08,1.220614e-04
0.400,0.1156,0.3,29,1.458638e-07,2.441242e-04
0.400,0.1156,0.3,30,1.628509e-07,2.725546e-04
0.400,0.1156,0.3,31,7.217815e-08,1.208006e-04
0.400,0.1156,0.3,32,1.896035e-08,3.173289e-05
0.400,0.1156,0.3,33,5.178441e-08,8.666872e-05
0.400,0.1156,0.3,34,3.700250e-08,6.192905e-05
0.400,0.1156,0.3,35,7.266669e-09,1.216182e-05
0.400,0.1156,0.3,36,1.245820e-08,2.085060e-05
0.400,0.1156,0.3,37,1.444089e-08,2.416893e-05
0.400,0.1156,0.3,38,6.639266e-09,1.111177e-05
0.400,0.1156,0.3,39,1.483004e-09,2.482023e-06
0.400,0.1156,0.3,40,4.522846e-09,7.569639e-06
0.400,0.1156,0.3,41,3.326165e-09,5.566820e-06
0.400,0.1156,0.3,42,7.152769e-10,1.197120e-06
0.400,0.1156,0.3,43,1.061924e-09,1.777284e-06
0.400,0.1156,0.3,44,1.279809e-09,2.141946e-06
0.400,0.1156,0.3,45,6.098389e-10,1.020654e-06
0.400,0.1156,0.3,46,1.139063e-10,1.906386e-07
0.400,0.1156,0.3,47,3.941433e-10,6.596559e-07
0.400,0.1156,0.3,48,2.982343e-10,4.991383e-07
0.400,0.1156,0.3,49,6.928675e-11,1.159614e-07
0.400,0.1156,0.3,50,9.069377e-11,1.517892e-07
0.400,0.1156,0.3,51,1.137336e-10,1.903496e-07
0.400,0.1156,0.3,52,5.632659e-11,9.427071e-08
0.400,0.1156,0.3,53,8.281452e-12,1.386021e-08
0.400,0.1156,0.3,54,3.388127e-11,5.670522e-08
0.400,0.1156,0.3,55,2.627744e-11,4.397911e-08
0.400,0.1156,0.3,56,6.234142e-12,1.043374e-08
0.400,0.1156,0.3,57,8.136400e-12,1.361744e-08
0.400,0.1156,0.3,58,1.052796e-11,1.762007e-08
0.400,0.1156,0.3,59,5.619106e-12,9.404389e-09
0.400,0.1156,0.3,60,4.958442e-13,8.298671e-10
0.400,0.1156,1.0,1,1.110139e-02,5.573937e+00
0.400,0.1156,1.0,2,8.800537e-03,4.418692e+00
0.400,0.1156,1.0,3,3.340797e-03,1.677393e+00
0.400,0.1156,1.0,4,1.551252e-03,7.788733e-01
0.400,0.1156,1.0,5,3.480631e-03,1.747602e+00
0.400,0.1156,1.0,6,2.405968e-03,1.208021e+00
0.400,0.1156,1.0,7,3.325437e-04,1.669680e-01
0.400,0.1156,1.0,8,8.982326e-04,4.509967e-01
0.400,0.1156,1.0,9,9.154982e-04,4.596657e-01
0.400,0.1156,1.0,10,3.751317e-04,1.883512e-01
0.400,0.1156,1.0,11,1.318540e-04,6.620302e-02
0.400,0.1156,1.0,12,3.033274e-04,1.522987e-01
0.400,0.1156,1.0,13,2.060794e-04,1.034711e-01
0.400,0.1156,1.0,14,3.295544e-05,1.654671e-02
0.400,0.1156,1.0,15,7.628286e-05,3.830112e-02
0.400,0.1156,1.0,16,8.225255e-05,4.129847e-02
0.400,0.1156,1.0,17,3.521195e-05,1.767969e-02
0.400,0.1156,1.0,18,1.061704e-05,5.330747e-03
0.400,0.1156,1.0,19,2.653636e-05,1.332373e-02
0.400,0.1156,1.0,20,1.848227e-05,9.279826e-03
0.400,0.1156,1.0,21,3.312576e-06,1.663223e-03
0.400,0.1156,1.0,22,6.522078e-06,3.274693e-03
0.400,0.1156,1.0,23,7.306437e-06,3.668514e-03
0.400,0.1156,1.0,24,3.249873e-06,1.631740e-03
0.400,0.1156,1.0,25,8.409221e-07,4.222215e-04
0.400,0.1156,1.0,26,2.320211e-06,1.164963e-03
0.400,0.1156,1.0,27,1.662611e-06,8.347861e-04
0.400,0.1156,1.0,28,3.295725e-07,1.654762e-04
0.400,0.1156,1.0,29,5.568555e-07,2.795935e-04
0.400,0.1156,1.0,30,6.478745e-07,3.252936e-04
0.400,0.1156,1.0,31,2.988892e-07,1.500703e-04
0.400,0.1156,1.0,32,6.570398e-08,3.298954e-05
0.400,0.1156,1.0,33,2.026446e-07,1.017465e-04
0.400,0.1156,1.0,34,1.494523e-07,7.503904e-05
0.400,0.1156,1.0,35,3.242705e-08,1.628141e-05
0.400,0.1156,1.0,36,4.743391e-08,2.381626e-05
0.400,0.1156,1.0,37,5.739199e-08,2.881614e-05
0.400,0.1156,1.0,38,2.742810e-08,1.377147e-05
0.400,0.1156,1.0,39,5.055273e-09,2.538220e-06
0.400,0.1156,1.0,40,1.767771e-08,8.875864e-06
0.400,0.1156,1.0,41,1.341986e-08,6.738022e-06
0.400,0.1156,1.0,42,3.159375e-09,1.586302e-06
0.400,0.1156,1.0,43,4.030409e-09,2.023642e-06
0.400,0.1156,1.0,44,5.079812e-09,2.550540e-06
0.400,0.1156,1.0,45,2.512423e-09,1.261471e-06
0.400,0.1156,1.0,46,3.820677e-10,1.918337e-07
0.400,0.1156,1.0,47,1.539835e-09,7.731412e-07
0.400,0.1156,1.0,48,1.203323e-09,6.041805e-07
0.400,0.1156,1.0,49,3.048479e-10,1.530621e-07
0.400,0.1156,1.0,50,3.419019e-10,1.716667e-07
0.400,0.1156,1.0,51,4.496272e-10,2.257549e-07
0.400,0.1156,1.0,52,2.301375e-10,1.155505e-07
0.400,0.1156,1.0,53,2.812107e-11,1.411941e-08
0.400,0.1156,1.0,54,1.335388e-10,6.704895e-08
0.400,0.1156,1.0,55,1.073584e-10,5.390393e-08
0.400,0.1156,1.0,56,2.878274e-11,1.445163e-08
0.400,0.1156,1.0,57,2.932459e-11,1.472369e-08
0.400,0.1156,1.0,58,4.018387e-11,2.017606e-08
0.400,0.1156,1.0,59,2.147138e-11,1.078064e-08
0.400,0.1156,1.0,60,1.898645e-12,9.532975e-10
